Node List,Node Source
CDC25B,h.all.v2023.2.Hs.symbols
ANP32E,h.all.v2023.2.Hs.symbols
SRSF2,h.all.v2023.2.Hs.symbols
SRSF1,h.all.v2023.2.Hs.symbols
DIAPH3,h.all.v2023.2.Hs.symbols
MELK,h.all.v2023.2.Hs.symbols
ILF3,h.all.v2023.2.Hs.symbols
CHEK2,h.all.v2023.2.Hs.symbols
NOLC1,h.all.v2023.2.Hs.symbols
STMN1,h.all.v2023.2.Hs.symbols
WEE1,h.all.v2023.2.Hs.symbols
MCM7,h.all.v2023.2.Hs.symbols
ATAD2,h.all.v2023.2.Hs.symbols
STAG1,h.all.v2023.2.Hs.symbols
AURKB,h.all.v2023.2.Hs.symbols
CTCF,h.all.v2023.2.Hs.symbols
E2F8,h.all.v2023.2.Hs.symbols
SMC3,h.all.v2023.2.Hs.symbols
MXD3,h.all.v2023.2.Hs.symbols
SSRP1,h.all.v2023.2.Hs.symbols
RPA2,h.all.v2023.2.Hs.symbols
DEPDC1,h.all.v2023.2.Hs.symbols
NCAPD2,h.all.v2023.2.Hs.symbols
SUV39H1,h.all.v2023.2.Hs.symbols
CDCA8,h.all.v2023.2.Hs.symbols
CCNB2,h.all.v2023.2.Hs.symbols
LMNB1,h.all.v2023.2.Hs.symbols
CDK1,h.all.v2023.2.Hs.symbols
MLH1,h.all.v2023.2.Hs.symbols
POLA2,h.all.v2023.2.Hs.symbols
BRCA2,h.all.v2023.2.Hs.symbols
AURKA,h.all.v2023.2.Hs.symbols
TIPIN,h.all.v2023.2.Hs.symbols
NOP56,h.all.v2023.2.Hs.symbols
RAD51C,h.all.v2023.2.Hs.symbols
HMMR,h.all.v2023.2.Hs.symbols
JPT1,h.all.v2023.2.Hs.symbols
POP7,h.all.v2023.2.Hs.symbols
POLD3,h.all.v2023.2.Hs.symbols
PRIM2,h.all.v2023.2.Hs.symbols
BARD1,h.all.v2023.2.Hs.symbols
MYBL2,h.all.v2023.2.Hs.symbols
TRA2B,h.all.v2023.2.Hs.symbols
PMS2,h.all.v2023.2.Hs.symbols
TUBB,h.all.v2023.2.Hs.symbols
PTTG1,h.all.v2023.2.Hs.symbols
SMC4,h.all.v2023.2.Hs.symbols
BRMS1L,h.all.v2023.2.Hs.symbols
RFC3,h.all.v2023.2.Hs.symbols
RPA3,h.all.v2023.2.Hs.symbols
RFC2,h.all.v2023.2.Hs.symbols
GINS4,h.all.v2023.2.Hs.symbols
MKI67,h.all.v2023.2.Hs.symbols
NBN,h.all.v2023.2.Hs.symbols
NUDT21,h.all.v2023.2.Hs.symbols
CTPS1,h.all.v2023.2.Hs.symbols
MCM4,h.all.v2023.2.Hs.symbols
MCM2,h.all.v2023.2.Hs.symbols
MYC,h.all.v2023.2.Hs.symbols
CDKN2A,h.all.v2023.2.Hs.symbols
NASP,h.all.v2023.2.Hs.symbols
DSCC1,h.all.v2023.2.Hs.symbols
GSPT1,h.all.v2023.2.Hs.symbols
GINS1,h.all.v2023.2.Hs.symbols
KIF2C,h.all.v2023.2.Hs.symbols
NUP107,h.all.v2023.2.Hs.symbols
KIF22,h.all.v2023.2.Hs.symbols
LIG1,h.all.v2023.2.Hs.symbols
TCF19,h.all.v2023.2.Hs.symbols
EIF2S1,h.all.v2023.2.Hs.symbols
TACC3,h.all.v2023.2.Hs.symbols
UBR7,h.all.v2023.2.Hs.symbols
EED,h.all.v2023.2.Hs.symbols
MTHFD2,h.all.v2023.2.Hs.symbols
SPC25,h.all.v2023.2.Hs.symbols
NAA38,h.all.v2023.2.Hs.symbols
NUP205,h.all.v2023.2.Hs.symbols
PSMC3IP,h.all.v2023.2.Hs.symbols
MRE11,h.all.v2023.2.Hs.symbols
CDKN2C,h.all.v2023.2.Hs.symbols
CKS2,h.all.v2023.2.Hs.symbols
TUBG1,h.all.v2023.2.Hs.symbols
RAD21,h.all.v2023.2.Hs.symbols
CDCA3,h.all.v2023.2.Hs.symbols
PAICS,h.all.v2023.2.Hs.symbols
CDKN1A,h.all.v2023.2.Hs.symbols
DEK,h.all.v2023.2.Hs.symbols
DDX39A,h.all.v2023.2.Hs.symbols
LBR,h.all.v2023.2.Hs.symbols
TIMELESS,h.all.v2023.2.Hs.symbols
SPAG5,h.all.v2023.2.Hs.symbols
POLE4,h.all.v2023.2.Hs.symbols
MCM6,h.all.v2023.2.Hs.symbols
RNASEH2A,h.all.v2023.2.Hs.symbols
EZH2,h.all.v2023.2.Hs.symbols
USP1,h.all.v2023.2.Hs.symbols
NAP1L1,h.all.v2023.2.Hs.symbols
RPA1,h.all.v2023.2.Hs.symbols
ZW10,h.all.v2023.2.Hs.symbols
PRDX4,h.all.v2023.2.Hs.symbols
POLD2,h.all.v2023.2.Hs.symbols
CDC25A,h.all.v2023.2.Hs.symbols
MMS22L,h.all.v2023.2.Hs.symbols
PHF5A,h.all.v2023.2.Hs.symbols
SYNCRIP,h.all.v2023.2.Hs.symbols
CKS1B,h.all.v2023.2.Hs.symbols
H2AX,h.all.v2023.2.Hs.symbols
RAN,h.all.v2023.2.Hs.symbols
CIT,h.all.v2023.2.Hs.symbols
PAN2,h.all.v2023.2.Hs.symbols
TOP2A,h.all.v2023.2.Hs.symbols
POLE,h.all.v2023.2.Hs.symbols
ASF1B,h.all.v2023.2.Hs.symbols
LUC7L3,h.all.v2023.2.Hs.symbols
CHEK1,h.all.v2023.2.Hs.symbols
XPO1,h.all.v2023.2.Hs.symbols
PPM1D,h.all.v2023.2.Hs.symbols
CNOT9,h.all.v2023.2.Hs.symbols
LYAR,h.all.v2023.2.Hs.symbols
PSIP1,h.all.v2023.2.Hs.symbols
DCLRE1B,h.all.v2023.2.Hs.symbols
UNG,h.all.v2023.2.Hs.symbols
ORC2,h.all.v2023.2.Hs.symbols
HUS1,h.all.v2023.2.Hs.symbols
CBX5,h.all.v2023.2.Hs.symbols
CDKN3,h.all.v2023.2.Hs.symbols
PNN,h.all.v2023.2.Hs.symbols
MCM3,h.all.v2023.2.Hs.symbols
CDK4,h.all.v2023.2.Hs.symbols
XRCC6,h.all.v2023.2.Hs.symbols
TBRG4,h.all.v2023.2.Hs.symbols
CCNE1,h.all.v2023.2.Hs.symbols
UBE2S,h.all.v2023.2.Hs.symbols
PCNA,h.all.v2023.2.Hs.symbols
HMGB3,h.all.v2023.2.Hs.symbols
RFC1,h.all.v2023.2.Hs.symbols
CCP110,h.all.v2023.2.Hs.symbols
DUT,h.all.v2023.2.Hs.symbols
BUB1B,h.all.v2023.2.Hs.symbols
RACGAP1,h.all.v2023.2.Hs.symbols
SLBP,h.all.v2023.2.Hs.symbols
DCK,h.all.v2023.2.Hs.symbols
PLK1,h.all.v2023.2.Hs.symbols
RAD51AP1,h.all.v2023.2.Hs.symbols
KIF4A,h.all.v2023.2.Hs.symbols
HMGB2,h.all.v2023.2.Hs.symbols
UBE2T,h.all.v2023.2.Hs.symbols
HMGA1,h.all.v2023.2.Hs.symbols
PLK4,h.all.v2023.2.Hs.symbols
WDR90,h.all.v2023.2.Hs.symbols
BIRC5,h.all.v2023.2.Hs.symbols
MAD2L1,h.all.v2023.2.Hs.symbols
H2AZ1,h.all.v2023.2.Hs.symbols
SPC24,h.all.v2023.2.Hs.symbols
POLD1,h.all.v2023.2.Hs.symbols
NUP153,h.all.v2023.2.Hs.symbols
HNRNPD,h.all.v2023.2.Hs.symbols
CSE1L,h.all.v2023.2.Hs.symbols
MCM5,h.all.v2023.2.Hs.symbols
TK1,h.all.v2023.2.Hs.symbols
RAD50,h.all.v2023.2.Hs.symbols
TMPO,h.all.v2023.2.Hs.symbols
MSH2,h.all.v2023.2.Hs.symbols
RAD1,h.all.v2023.2.Hs.symbols
DCTPP1,h.all.v2023.2.Hs.symbols
AK2,h.all.v2023.2.Hs.symbols
BRCA1,h.all.v2023.2.Hs.symbols
CDKN1B,h.all.v2023.2.Hs.symbols
PRPS1,h.all.v2023.2.Hs.symbols
DNMT1,h.all.v2023.2.Hs.symbols
PPP1R8,h.all.v2023.2.Hs.symbols
CDC20,h.all.v2023.2.Hs.symbols
KPNA2,h.all.v2023.2.Hs.symbols
PRKDC,h.all.v2023.2.Hs.symbols
TRIP13,h.all.v2023.2.Hs.symbols
CENPM,h.all.v2023.2.Hs.symbols
TP53,h.all.v2023.2.Hs.symbols
SHMT1,h.all.v2023.2.Hs.symbols
GINS3,h.all.v2023.2.Hs.symbols
PDS5B,h.all.v2023.2.Hs.symbols
HELLS,h.all.v2023.2.Hs.symbols
SNRPB,h.all.v2023.2.Hs.symbols
ESPL1,h.all.v2023.2.Hs.symbols
ING3,h.all.v2023.2.Hs.symbols
ASF1A,h.all.v2023.2.Hs.symbols
DONSON,h.all.v2023.2.Hs.symbols
IPO7,h.all.v2023.2.Hs.symbols
RRM2,h.all.v2023.2.Hs.symbols
PA2G4,h.all.v2023.2.Hs.symbols
EXOSC8,h.all.v2023.2.Hs.symbols
RANBP1,h.all.v2023.2.Hs.symbols
SMC1A,h.all.v2023.2.Hs.symbols
KIF18B,h.all.v2023.2.Hs.symbols
SMC6,h.all.v2023.2.Hs.symbols
CENPE,h.all.v2023.2.Hs.symbols
NME1,h.all.v2023.2.Hs.symbols
TFRC,h.all.v2023.2.Hs.symbols
DLGAP5,h.all.v2023.2.Hs.symbols
RBBP7,h.all.v2023.2.Hs.symbols
ORC6,h.all.v2023.2.Hs.symbols
IDUA,h.all.v2023.2.Hs.symbols
ZNF112,h.all.v2023.2.Hs.symbols
FGF22,h.all.v2023.2.Hs.symbols
KLK8,h.all.v2023.2.Hs.symbols
IFNG,h.all.v2023.2.Hs.symbols
IFI44L,h.all.v2023.2.Hs.symbols
BRDT,h.all.v2023.2.Hs.symbols
MTHFR,h.all.v2023.2.Hs.symbols
GPRC5C,h.all.v2023.2.Hs.symbols
TAS2R4,h.all.v2023.2.Hs.symbols
TGFB2,h.all.v2023.2.Hs.symbols
NR6A1,h.all.v2023.2.Hs.symbols
SPTBN2,h.all.v2023.2.Hs.symbols
ZBTB16,h.all.v2023.2.Hs.symbols
CPB1,h.all.v2023.2.Hs.symbols
SNN,h.all.v2023.2.Hs.symbols
PKP1,h.all.v2023.2.Hs.symbols
KRT4,h.all.v2023.2.Hs.symbols
CDH16,h.all.v2023.2.Hs.symbols
ATP4A,h.all.v2023.2.Hs.symbols
CNTFR,h.all.v2023.2.Hs.symbols
HTR1D,h.all.v2023.2.Hs.symbols
GPR19,h.all.v2023.2.Hs.symbols
PCDHB1,h.all.v2023.2.Hs.symbols
PRKN,h.all.v2023.2.Hs.symbols
GDNF,h.all.v2023.2.Hs.symbols
KMT2D,h.all.v2023.2.Hs.symbols
ENTPD7,h.all.v2023.2.Hs.symbols
HSD11B2,h.all.v2023.2.Hs.symbols
TFCP2L1,h.all.v2023.2.Hs.symbols
SHOX2,h.all.v2023.2.Hs.symbols
MFSD6,h.all.v2023.2.Hs.symbols
PRODH,h.all.v2023.2.Hs.symbols
EGF,h.all.v2023.2.Hs.symbols
TCF7L1,h.all.v2023.2.Hs.symbols
UGT2B17,h.all.v2023.2.Hs.symbols
TLX1,h.all.v2023.2.Hs.symbols
CCDC106,h.all.v2023.2.Hs.symbols
ITGB1BP2,h.all.v2023.2.Hs.symbols
TGM1,h.all.v2023.2.Hs.symbols
CCR8,h.all.v2023.2.Hs.symbols
NTF3,h.all.v2023.2.Hs.symbols
BMPR1B,h.all.v2023.2.Hs.symbols
CLPS,h.all.v2023.2.Hs.symbols
IRS4,h.all.v2023.2.Hs.symbols
KRT5,h.all.v2023.2.Hs.symbols
ZC2HC1C,h.all.v2023.2.Hs.symbols
AMBN,h.all.v2023.2.Hs.symbols
CLSTN3,h.all.v2023.2.Hs.symbols
IL5,h.all.v2023.2.Hs.symbols
NPY4R,h.all.v2023.2.Hs.symbols
SLC6A14,h.all.v2023.2.Hs.symbols
MX1,h.all.v2023.2.Hs.symbols
UPK3B,h.all.v2023.2.Hs.symbols
STAG3,h.all.v2023.2.Hs.symbols
RSAD2,h.all.v2023.2.Hs.symbols
TFF2,h.all.v2023.2.Hs.symbols
SNCB,h.all.v2023.2.Hs.symbols
SELENOP,h.all.v2023.2.Hs.symbols
VPREB1,h.all.v2023.2.Hs.symbols
YBX2,h.all.v2023.2.Hs.symbols
CPA2,h.all.v2023.2.Hs.symbols
SERPINB2,h.all.v2023.2.Hs.symbols
PTGFR,h.all.v2023.2.Hs.symbols
VPS50,h.all.v2023.2.Hs.symbols
SGK1,h.all.v2023.2.Hs.symbols
SPRR3,h.all.v2023.2.Hs.symbols
CD207,h.all.v2023.2.Hs.symbols
SLC25A23,h.all.v2023.2.Hs.symbols
KCNMB1,h.all.v2023.2.Hs.symbols
MYOT,h.all.v2023.2.Hs.symbols
C5,h.all.v2023.2.Hs.symbols
CKM,h.all.v2023.2.Hs.symbols
SYNPO,h.all.v2023.2.Hs.symbols
P2RX6,h.all.v2023.2.Hs.symbols
ARPP21,h.all.v2023.2.Hs.symbols
GAMT,h.all.v2023.2.Hs.symbols
KRT1,h.all.v2023.2.Hs.symbols
ARHGDIG,h.all.v2023.2.Hs.symbols
RYR1,h.all.v2023.2.Hs.symbols
CDKAL1,h.all.v2023.2.Hs.symbols
LFNG,h.all.v2023.2.Hs.symbols
CYP11B2,h.all.v2023.2.Hs.symbols
DTNB,h.all.v2023.2.Hs.symbols
SCGB1A1,h.all.v2023.2.Hs.symbols
KCNE2,h.all.v2023.2.Hs.symbols
CAPN9,h.all.v2023.2.Hs.symbols
RGS11,h.all.v2023.2.Hs.symbols
CCNA1,h.all.v2023.2.Hs.symbols
IL12B,h.all.v2023.2.Hs.symbols
HTR1B,h.all.v2023.2.Hs.symbols
MYO15A,h.all.v2023.2.Hs.symbols
AKR1B10,h.all.v2023.2.Hs.symbols
CACNA1F,h.all.v2023.2.Hs.symbols
EDAR,h.all.v2023.2.Hs.symbols
SPHK2,h.all.v2023.2.Hs.symbols
TCL1A,h.all.v2023.2.Hs.symbols
TFAP2B,h.all.v2023.2.Hs.symbols
FGFR3,h.all.v2023.2.Hs.symbols
PTPRJ,h.all.v2023.2.Hs.symbols
KCNN1,h.all.v2023.2.Hs.symbols
SCN10A,h.all.v2023.2.Hs.symbols
YPEL1,h.all.v2023.2.Hs.symbols
TENT5C,h.all.v2023.2.Hs.symbols
THRB,h.all.v2023.2.Hs.symbols
P2RY4,h.all.v2023.2.Hs.symbols
KRT15,h.all.v2023.2.Hs.symbols
KLHDC8A,h.all.v2023.2.Hs.symbols
WNT16,h.all.v2023.2.Hs.symbols
CALML5,h.all.v2023.2.Hs.symbols
CELSR2,h.all.v2023.2.Hs.symbols
CLDN16,h.all.v2023.2.Hs.symbols
PNMT,h.all.v2023.2.Hs.symbols
NR4A2,h.all.v2023.2.Hs.symbols
PROP1,h.all.v2023.2.Hs.symbols
TG,h.all.v2023.2.Hs.symbols
SOX10,h.all.v2023.2.Hs.symbols
GRID2,h.all.v2023.2.Hs.symbols
NRIP2,h.all.v2023.2.Hs.symbols
MAST3,h.all.v2023.2.Hs.symbols
CAMK1D,h.all.v2023.2.Hs.symbols
TENM2,h.all.v2023.2.Hs.symbols
ALOX12B,h.all.v2023.2.Hs.symbols
NGB,h.all.v2023.2.Hs.symbols
DLK2,h.all.v2023.2.Hs.symbols
SLC5A5,h.all.v2023.2.Hs.symbols
DCC,h.all.v2023.2.Hs.symbols
OXT,h.all.v2023.2.Hs.symbols
ATP6V1B1,h.all.v2023.2.Hs.symbols
CYP39A1,h.all.v2023.2.Hs.symbols
EDN1,h.all.v2023.2.Hs.symbols
FGGY,h.all.v2023.2.Hs.symbols
ADRA2C,h.all.v2023.2.Hs.symbols
CHST2,h.all.v2023.2.Hs.symbols
KCNQ2,h.all.v2023.2.Hs.symbols
ITIH3,h.all.v2023.2.Hs.symbols
IGFBP2,h.all.v2023.2.Hs.symbols
RYR2,h.all.v2023.2.Hs.symbols
SLC6A3,h.all.v2023.2.Hs.symbols
SLC16A7,h.all.v2023.2.Hs.symbols
FSHB,h.all.v2023.2.Hs.symbols
PAX4,h.all.v2023.2.Hs.symbols
LGALS7,h.all.v2023.2.Hs.symbols
SLC30A3,h.all.v2023.2.Hs.symbols
NOS1,h.all.v2023.2.Hs.symbols
TNNI3,h.all.v2023.2.Hs.symbols
NPHS1,h.all.v2023.2.Hs.symbols
CLDN8,h.all.v2023.2.Hs.symbols
TSHB,h.all.v2023.2.Hs.symbols
ACTC1,h.all.v2023.2.Hs.symbols
COPZ2,h.all.v2023.2.Hs.symbols
SSTR4,h.all.v2023.2.Hs.symbols
MAGIX,h.all.v2023.2.Hs.symbols
PAX3,h.all.v2023.2.Hs.symbols
KLK7,h.all.v2023.2.Hs.symbols
COL2A1,h.all.v2023.2.Hs.symbols
SERPINA10,h.all.v2023.2.Hs.symbols
CPEB3,h.all.v2023.2.Hs.symbols
BTG2,h.all.v2023.2.Hs.symbols
SKIL,h.all.v2023.2.Hs.symbols
EFHD1,h.all.v2023.2.Hs.symbols
PLAG1,h.all.v2023.2.Hs.symbols
GP2,h.all.v2023.2.Hs.symbols
PDK2,h.all.v2023.2.Hs.symbols
TEX15,h.all.v2023.2.Hs.symbols
CALCB,h.all.v2023.2.Hs.symbols
PDCD1,h.all.v2023.2.Hs.symbols
KCND1,h.all.v2023.2.Hs.symbols
MACROH2A2,h.all.v2023.2.Hs.symbols
SMPX,h.all.v2023.2.Hs.symbols
CD80,h.all.v2023.2.Hs.symbols
GTF3C5,h.all.v2023.2.Hs.symbols
RIBC2,h.all.v2023.2.Hs.symbols
THNSL2,h.all.v2023.2.Hs.symbols
SIDT1,h.all.v2023.2.Hs.symbols
SLC38A3,h.all.v2023.2.Hs.symbols
PDE6B,h.all.v2023.2.Hs.symbols
GP1BA,h.all.v2023.2.Hs.symbols
HNF1A,h.all.v2023.2.Hs.symbols
INSL5,h.all.v2023.2.Hs.symbols
MYH7,h.all.v2023.2.Hs.symbols
NUDT11,h.all.v2023.2.Hs.symbols
ABCG4,h.all.v2023.2.Hs.symbols
LYPD3,h.all.v2023.2.Hs.symbols
CHRNG,h.all.v2023.2.Hs.symbols
EDN2,h.all.v2023.2.Hs.symbols
EPHA5,h.all.v2023.2.Hs.symbols
FGF16,h.all.v2023.2.Hs.symbols
MEFV,h.all.v2023.2.Hs.symbols
ABCB11,h.all.v2023.2.Hs.symbols
CACNG1,h.all.v2023.2.Hs.symbols
MSH5,h.all.v2023.2.Hs.symbols
CD40LG,h.all.v2023.2.Hs.symbols
KRT13,h.all.v2023.2.Hs.symbols
ASB7,h.all.v2023.2.Hs.symbols
SLC12A3,h.all.v2023.2.Hs.symbols
SLC29A3,h.all.v2023.2.Hs.symbols
GPR3,h.all.v2023.2.Hs.symbols
COQ8A,h.all.v2023.2.Hs.symbols
PROS1,h.all.v2023.2.Hs.symbols
F2RL2,h.all.v2023.2.Hs.symbols
TIMP1,h.all.v2023.2.Hs.symbols
MBL2,h.all.v2023.2.Hs.symbols
ANG,h.all.v2023.2.Hs.symbols
PRSS23,h.all.v2023.2.Hs.symbols
C1S,h.all.v2023.2.Hs.symbols
DUSP14,h.all.v2023.2.Hs.symbols
CRIP2,h.all.v2023.2.Hs.symbols
MAFF,h.all.v2023.2.Hs.symbols
WDR1,h.all.v2023.2.Hs.symbols
FURIN,h.all.v2023.2.Hs.symbols
MASP2,h.all.v2023.2.Hs.symbols
MMP2,h.all.v2023.2.Hs.symbols
CFI,h.all.v2023.2.Hs.symbols
MMP3,h.all.v2023.2.Hs.symbols
HNF4A,h.all.v2023.2.Hs.symbols
F8,h.all.v2023.2.Hs.symbols
RAPGEF3,h.all.v2023.2.Hs.symbols
HPN,h.all.v2023.2.Hs.symbols
ISCU,h.all.v2023.2.Hs.symbols
VWF,h.all.v2023.2.Hs.symbols
CAPN2,h.all.v2023.2.Hs.symbols
COMP,h.all.v2023.2.Hs.symbols
ITIH1,h.all.v2023.2.Hs.symbols
MEP1A,h.all.v2023.2.Hs.symbols
MMP7,h.all.v2023.2.Hs.symbols
GNG12,h.all.v2023.2.Hs.symbols
S100A13,h.all.v2023.2.Hs.symbols
SH2B2,h.all.v2023.2.Hs.symbols
PREP,h.all.v2023.2.Hs.symbols
HTRA1,h.all.v2023.2.Hs.symbols
CTSH,h.all.v2023.2.Hs.symbols
ARF4,h.all.v2023.2.Hs.symbols
CPQ,h.all.v2023.2.Hs.symbols
CSRP1,h.all.v2023.2.Hs.symbols
C8B,h.all.v2023.2.Hs.symbols
C8G,h.all.v2023.2.Hs.symbols
FGG,h.all.v2023.2.Hs.symbols
CLU,h.all.v2023.2.Hs.symbols
CTSE,h.all.v2023.2.Hs.symbols
CFB,h.all.v2023.2.Hs.symbols
LTA4H,h.all.v2023.2.Hs.symbols
C1R,h.all.v2023.2.Hs.symbols
C8A,h.all.v2023.2.Hs.symbols
CASP9,h.all.v2023.2.Hs.symbols
LAMP2,h.all.v2023.2.Hs.symbols
SERPINC1,h.all.v2023.2.Hs.symbols
GDA,h.all.v2023.2.Hs.symbols
LRP1,h.all.v2023.2.Hs.symbols
F2,h.all.v2023.2.Hs.symbols
KLKB1,h.all.v2023.2.Hs.symbols
MMP9,h.all.v2023.2.Hs.symbols
SERPINA1,h.all.v2023.2.Hs.symbols
RABIF,h.all.v2023.2.Hs.symbols
C2,h.all.v2023.2.Hs.symbols
F12,h.all.v2023.2.Hs.symbols
F3,h.all.v2023.2.Hs.symbols
GP9,h.all.v2023.2.Hs.symbols
FYN,h.all.v2023.2.Hs.symbols
CTSV,h.all.v2023.2.Hs.symbols
HMGCS2,h.all.v2023.2.Hs.symbols
MST1,h.all.v2023.2.Hs.symbols
F10,h.all.v2023.2.Hs.symbols
ITGA2,h.all.v2023.2.Hs.symbols
CTSB,h.all.v2023.2.Hs.symbols
S100A1,h.all.v2023.2.Hs.symbols
TFPI2,h.all.v2023.2.Hs.symbols
MMP10,h.all.v2023.2.Hs.symbols
PECAM1,h.all.v2023.2.Hs.symbols
CD9,h.all.v2023.2.Hs.symbols
SERPINE1,h.all.v2023.2.Hs.symbols
HRG,h.all.v2023.2.Hs.symbols
APOC1,h.all.v2023.2.Hs.symbols
CPB2,h.all.v2023.2.Hs.symbols
LEFTY2,h.all.v2023.2.Hs.symbols
RGN,h.all.v2023.2.Hs.symbols
TF,h.all.v2023.2.Hs.symbols
APOC2,h.all.v2023.2.Hs.symbols
ACOX2,h.all.v2023.2.Hs.symbols
GNB2,h.all.v2023.2.Hs.symbols
A2M,h.all.v2023.2.Hs.symbols
PLEK,h.all.v2023.2.Hs.symbols
THBS1,h.all.v2023.2.Hs.symbols
C1QA,h.all.v2023.2.Hs.symbols
MMP8,h.all.v2023.2.Hs.symbols
MMP11,h.all.v2023.2.Hs.symbols
OLR1,h.all.v2023.2.Hs.symbols
DUSP6,h.all.v2023.2.Hs.symbols
USP11,h.all.v2023.2.Hs.symbols
CTSK,h.all.v2023.2.Hs.symbols
C3,h.all.v2023.2.Hs.symbols
DCT,h.all.v2023.2.Hs.symbols
TMPRSS6,h.all.v2023.2.Hs.symbols
BMP1,h.all.v2023.2.Hs.symbols
CAPN5,h.all.v2023.2.Hs.symbols
MSRB2,h.all.v2023.2.Hs.symbols
APOC3,h.all.v2023.2.Hs.symbols
CFH,h.all.v2023.2.Hs.symbols
MMP1,h.all.v2023.2.Hs.symbols
SPARC,h.all.v2023.2.Hs.symbols
ADAM9,h.all.v2023.2.Hs.symbols
GSN,h.all.v2023.2.Hs.symbols
THBD,h.all.v2023.2.Hs.symbols
CPN1,h.all.v2023.2.Hs.symbols
APOA1,h.all.v2023.2.Hs.symbols
PROZ,h.all.v2023.2.Hs.symbols
MMP14,h.all.v2023.2.Hs.symbols
PDGFB,h.all.v2023.2.Hs.symbols
PEF1,h.all.v2023.2.Hs.symbols
PLAU,h.all.v2023.2.Hs.symbols
KLF7,h.all.v2023.2.Hs.symbols
SERPING1,h.all.v2023.2.Hs.symbols
MMP15,h.all.v2023.2.Hs.symbols
P2RY1,h.all.v2023.2.Hs.symbols
ANXA1,h.all.v2023.2.Hs.symbols
CTSO,h.all.v2023.2.Hs.symbols
PLG,h.all.v2023.2.Hs.symbols
LGMN,h.all.v2023.2.Hs.symbols
F11,h.all.v2023.2.Hs.symbols
PLAT,h.all.v2023.2.Hs.symbols
F13B,h.all.v2023.2.Hs.symbols
DPP4,h.all.v2023.2.Hs.symbols
CFD,h.all.v2023.2.Hs.symbols
ITGB3,h.all.v2023.2.Hs.symbols
PF4,h.all.v2023.2.Hs.symbols
SIRT2,h.all.v2023.2.Hs.symbols
C9,h.all.v2023.2.Hs.symbols
TIMP3,h.all.v2023.2.Hs.symbols
FGA,h.all.v2023.2.Hs.symbols
RAC1,h.all.v2023.2.Hs.symbols
FBN1,h.all.v2023.2.Hs.symbols
F9,h.all.v2023.2.Hs.symbols
FN1,h.all.v2023.2.Hs.symbols
PROC,h.all.v2023.2.Hs.symbols
SORBS2,h.all.v2023.2.Hs.symbols
ALS2,h.all.v2023.2.Hs.symbols
CSNK1D,h.all.v2023.2.Hs.symbols
TUBGCP3,h.all.v2023.2.Hs.symbols
NOTCH2,h.all.v2023.2.Hs.symbols
PCGF5,h.all.v2023.2.Hs.symbols
DST,h.all.v2023.2.Hs.symbols
RHOT2,h.all.v2023.2.Hs.symbols
TSC1,h.all.v2023.2.Hs.symbols
ATG4B,h.all.v2023.2.Hs.symbols
TUBGCP5,h.all.v2023.2.Hs.symbols
SOS1,h.all.v2023.2.Hs.symbols
OPHN1,h.all.v2023.2.Hs.symbols
GEMIN4,h.all.v2023.2.Hs.symbols
ABR,h.all.v2023.2.Hs.symbols
CEP250,h.all.v2023.2.Hs.symbols
CEP72,h.all.v2023.2.Hs.symbols
KIF3C,h.all.v2023.2.Hs.symbols
LATS1,h.all.v2023.2.Hs.symbols
DOCK2,h.all.v2023.2.Hs.symbols
MARCKS,h.all.v2023.2.Hs.symbols
BIN1,h.all.v2023.2.Hs.symbols
CDC42BPA,h.all.v2023.2.Hs.symbols
CKAP5,h.all.v2023.2.Hs.symbols
PAFAH1B1,h.all.v2023.2.Hs.symbols
FGD4,h.all.v2023.2.Hs.symbols
NUSAP1,h.all.v2023.2.Hs.symbols
PKD2,h.all.v2023.2.Hs.symbols
ECT2,h.all.v2023.2.Hs.symbols
YWHAE,h.all.v2023.2.Hs.symbols
RHOF,h.all.v2023.2.Hs.symbols
RABGAP1,h.all.v2023.2.Hs.symbols
TLK1,h.all.v2023.2.Hs.symbols
CD2AP,h.all.v2023.2.Hs.symbols
VCL,h.all.v2023.2.Hs.symbols
ARHGEF3,h.all.v2023.2.Hs.symbols
DLG1,h.all.v2023.2.Hs.symbols
KIF11,h.all.v2023.2.Hs.symbols
RANBP9,h.all.v2023.2.Hs.symbols
CAPZB,h.all.v2023.2.Hs.symbols
CDC42EP4,h.all.v2023.2.Hs.symbols
FLNB,h.all.v2023.2.Hs.symbols
CENPF,h.all.v2023.2.Hs.symbols
HDAC6,h.all.v2023.2.Hs.symbols
SSH2,h.all.v2023.2.Hs.symbols
CNTROB,h.all.v2023.2.Hs.symbols
KIFAP3,h.all.v2023.2.Hs.symbols
SAC3D1,h.all.v2023.2.Hs.symbols
ARHGAP10,h.all.v2023.2.Hs.symbols
NIN,h.all.v2023.2.Hs.symbols
KATNB1,h.all.v2023.2.Hs.symbols
DOCK4,h.all.v2023.2.Hs.symbols
RASA1,h.all.v2023.2.Hs.symbols
BCL2L11,h.all.v2023.2.Hs.symbols
TIAM1,h.all.v2023.2.Hs.symbols
KATNA1,h.all.v2023.2.Hs.symbols
ARL8A,h.all.v2023.2.Hs.symbols
SUN2,h.all.v2023.2.Hs.symbols
KLC1,h.all.v2023.2.Hs.symbols
ALMS1,h.all.v2023.2.Hs.symbols
TUBGCP6,h.all.v2023.2.Hs.symbols
PREX1,h.all.v2023.2.Hs.symbols
MAP3K11,h.all.v2023.2.Hs.symbols
MYO1E,h.all.v2023.2.Hs.symbols
RASA2,h.all.v2023.2.Hs.symbols
MAP1S,h.all.v2023.2.Hs.symbols
MARK4,h.all.v2023.2.Hs.symbols
ARHGAP4,h.all.v2023.2.Hs.symbols
KIF5B,h.all.v2023.2.Hs.symbols
NUMA1,h.all.v2023.2.Hs.symbols
FBXO5,h.all.v2023.2.Hs.symbols
CDC42EP2,h.all.v2023.2.Hs.symbols
CENPJ,h.all.v2023.2.Hs.symbols
WASF2,h.all.v2023.2.Hs.symbols
APC,h.all.v2023.2.Hs.symbols
MYH9,h.all.v2023.2.Hs.symbols
ARHGAP27,h.all.v2023.2.Hs.symbols
ARHGEF2,h.all.v2023.2.Hs.symbols
CDK5RAP2,h.all.v2023.2.Hs.symbols
PRC1,h.all.v2023.2.Hs.symbols
PPP4R2,h.all.v2023.2.Hs.symbols
SASS6,h.all.v2023.2.Hs.symbols
ITSN1,h.all.v2023.2.Hs.symbols
RICTOR,h.all.v2023.2.Hs.symbols
MYO9B,h.all.v2023.2.Hs.symbols
MYH10,h.all.v2023.2.Hs.symbols
SPTBN1,h.all.v2023.2.Hs.symbols
SPTAN1,h.all.v2023.2.Hs.symbols
KIF23,h.all.v2023.2.Hs.symbols
UXT,h.all.v2023.2.Hs.symbols
PXN,h.all.v2023.2.Hs.symbols
ABL1,h.all.v2023.2.Hs.symbols
ACTN4,h.all.v2023.2.Hs.symbols
ARFIP2,h.all.v2023.2.Hs.symbols
CCDC88A,h.all.v2023.2.Hs.symbols
DYNC1H1,h.all.v2023.2.Hs.symbols
RAPGEF6,h.all.v2023.2.Hs.symbols
CLIP1,h.all.v2023.2.Hs.symbols
NDC80,h.all.v2023.2.Hs.symbols
TPX2,h.all.v2023.2.Hs.symbols
ARHGAP29,h.all.v2023.2.Hs.symbols
CTTN,h.all.v2023.2.Hs.symbols
TAOK2,h.all.v2023.2.Hs.symbols
SHROOM2,h.all.v2023.2.Hs.symbols
RAB3GAP1,h.all.v2023.2.Hs.symbols
SHROOM1,h.all.v2023.2.Hs.symbols
MID1,h.all.v2023.2.Hs.symbols
ARF6,h.all.v2023.2.Hs.symbols
ARHGDIA,h.all.v2023.2.Hs.symbols
KIF20B,h.all.v2023.2.Hs.symbols
TTK,h.all.v2023.2.Hs.symbols
FLNA,h.all.v2023.2.Hs.symbols
BCR,h.all.v2023.2.Hs.symbols
ARHGEF7,h.all.v2023.2.Hs.symbols
ARHGAP5,h.all.v2023.2.Hs.symbols
NEK2,h.all.v2023.2.Hs.symbols
MID1IP1,h.all.v2023.2.Hs.symbols
EZR,h.all.v2023.2.Hs.symbols
CDC42,h.all.v2023.2.Hs.symbols
ABI1,h.all.v2023.2.Hs.symbols
ARHGEF12,h.all.v2023.2.Hs.symbols
FGD6,h.all.v2023.2.Hs.symbols
EPB41,h.all.v2023.2.Hs.symbols
DYNLL2,h.all.v2023.2.Hs.symbols
RAPGEF5,h.all.v2023.2.Hs.symbols
KIF1B,h.all.v2023.2.Hs.symbols
PALLD,h.all.v2023.2.Hs.symbols
ROCK1,h.all.v2023.2.Hs.symbols
KNTC1,h.all.v2023.2.Hs.symbols
TBCD,h.all.v2023.2.Hs.symbols
WASL,h.all.v2023.2.Hs.symbols
PDLIM5,h.all.v2023.2.Hs.symbols
KPTN,h.all.v2023.2.Hs.symbols
INCENP,h.all.v2023.2.Hs.symbols
CNTRL,h.all.v2023.2.Hs.symbols
MAPRE1,h.all.v2023.2.Hs.symbols
SEPTIN9,h.all.v2023.2.Hs.symbols
CLASP1,h.all.v2023.2.Hs.symbols
PCNT,h.all.v2023.2.Hs.symbols
WASF1,h.all.v2023.2.Hs.symbols
CDC27,h.all.v2023.2.Hs.symbols
CEP192,h.all.v2023.2.Hs.symbols
CEP57,h.all.v2023.2.Hs.symbols
PLEKHG2,h.all.v2023.2.Hs.symbols
NCK2,h.all.v2023.2.Hs.symbols
RASAL2,h.all.v2023.2.Hs.symbols
CYTH2,h.all.v2023.2.Hs.symbols
FSCN1,h.all.v2023.2.Hs.symbols
STK38L,h.all.v2023.2.Hs.symbols
LRPPRC,h.all.v2023.2.Hs.symbols
ARAP3,h.all.v2023.2.Hs.symbols
ARHGEF11,h.all.v2023.2.Hs.symbols
NEDD9,h.all.v2023.2.Hs.symbols
ANLN,h.all.v2023.2.Hs.symbols
RALBP1,h.all.v2023.2.Hs.symbols
TUBGCP2,h.all.v2023.2.Hs.symbols
FARP1,h.all.v2023.2.Hs.symbols
PCM1,h.all.v2023.2.Hs.symbols
NF1,h.all.v2023.2.Hs.symbols
NCK1,h.all.v2023.2.Hs.symbols
EPB41L2,h.all.v2023.2.Hs.symbols
CEP131,h.all.v2023.2.Hs.symbols
NET1,h.all.v2023.2.Hs.symbols
CLIP2,h.all.v2023.2.Hs.symbols
KIF15,h.all.v2023.2.Hs.symbols
LLGL1,h.all.v2023.2.Hs.symbols
PIF1,h.all.v2023.2.Hs.symbols
ARFGEF1,h.all.v2023.2.Hs.symbols
KIF3B,h.all.v2023.2.Hs.symbols
BUB1,h.all.v2023.2.Hs.symbols
HOOK3,h.all.v2023.2.Hs.symbols
AKAP13,h.all.v2023.2.Hs.symbols
TUBD1,h.all.v2023.2.Hs.symbols
BCAR1,h.all.v2023.2.Hs.symbols
STAU1,h.all.v2023.2.Hs.symbols
TRIO,h.all.v2023.2.Hs.symbols
TUBA4A,h.all.v2023.2.Hs.symbols
CDC42EP1,h.all.v2023.2.Hs.symbols
PCSK2,h.all.v2023.2.Hs.symbols
SPCS1,h.all.v2023.2.Hs.symbols
PKLR,h.all.v2023.2.Hs.symbols
PAX6,h.all.v2023.2.Hs.symbols
SST,h.all.v2023.2.Hs.symbols
SRP9,h.all.v2023.2.Hs.symbols
PDX1,h.all.v2023.2.Hs.symbols
CHGA,h.all.v2023.2.Hs.symbols
NKX6-1,h.all.v2023.2.Hs.symbols
NEUROD1,h.all.v2023.2.Hs.symbols
SCGN,h.all.v2023.2.Hs.symbols
FOXO1,h.all.v2023.2.Hs.symbols
PCSK1,h.all.v2023.2.Hs.symbols
INSM1,h.all.v2023.2.Hs.symbols
G6PC2,h.all.v2023.2.Hs.symbols
ABCC8,h.all.v2023.2.Hs.symbols
MAFB,h.all.v2023.2.Hs.symbols
AKT3,h.all.v2023.2.Hs.symbols
PAK3,h.all.v2023.2.Hs.symbols
IAPP,h.all.v2023.2.Hs.symbols
ISL1,h.all.v2023.2.Hs.symbols
SEC11A,h.all.v2023.2.Hs.symbols
SYT13,h.all.v2023.2.Hs.symbols
STXBP1,h.all.v2023.2.Hs.symbols
GCG,h.all.v2023.2.Hs.symbols
FOXA2,h.all.v2023.2.Hs.symbols
NKX2-2,h.all.v2023.2.Hs.symbols
INS,h.all.v2023.2.Hs.symbols
LMO2,h.all.v2023.2.Hs.symbols
VDR,h.all.v2023.2.Hs.symbols
SRPRB,h.all.v2023.2.Hs.symbols
GCK,h.all.v2023.2.Hs.symbols
SLC2A2,h.all.v2023.2.Hs.symbols
ELP4,h.all.v2023.2.Hs.symbols
DCX,h.all.v2023.2.Hs.symbols
NEUROG3,h.all.v2023.2.Hs.symbols
SRP14,h.all.v2023.2.Hs.symbols
CASP8AP2,h.all.v2023.2.Hs.symbols
CDC45,h.all.v2023.2.Hs.symbols
ODF2,h.all.v2023.2.Hs.symbols
DBF4,h.all.v2023.2.Hs.symbols
SLC7A1,h.all.v2023.2.Hs.symbols
TOP1,h.all.v2023.2.Hs.symbols
SMC2,h.all.v2023.2.Hs.symbols
CCNF,h.all.v2023.2.Hs.symbols
H2AZ2,h.all.v2023.2.Hs.symbols
UCK2,h.all.v2023.2.Hs.symbols
SMARCC1,h.all.v2023.2.Hs.symbols
MTF2,h.all.v2023.2.Hs.symbols
NCL,h.all.v2023.2.Hs.symbols
SNRPD1,h.all.v2023.2.Hs.symbols
BUB3,h.all.v2023.2.Hs.symbols
E2F1,h.all.v2023.2.Hs.symbols
G3BP1,h.all.v2023.2.Hs.symbols
SLC38A1,h.all.v2023.2.Hs.symbols
KMT5A,h.all.v2023.2.Hs.symbols
POLQ,h.all.v2023.2.Hs.symbols
TRAIP,h.all.v2023.2.Hs.symbols
TNPO2,h.all.v2023.2.Hs.symbols
WRN,h.all.v2023.2.Hs.symbols
EXO1,h.all.v2023.2.Hs.symbols
PRPF4B,h.all.v2023.2.Hs.symbols
FANCC,h.all.v2023.2.Hs.symbols
SS18,h.all.v2023.2.Hs.symbols
CUL5,h.all.v2023.2.Hs.symbols
HMGN2,h.all.v2023.2.Hs.symbols
KNL1,h.all.v2023.2.Hs.symbols
DR1,h.all.v2023.2.Hs.symbols
LIG3,h.all.v2023.2.Hs.symbols
NSD2,h.all.v2023.2.Hs.symbols
UPF1,h.all.v2023.2.Hs.symbols
BCL3,h.all.v2023.2.Hs.symbols
CCND1,h.all.v2023.2.Hs.symbols
MT2A,h.all.v2023.2.Hs.symbols
CUL1,h.all.v2023.2.Hs.symbols
RAD54L,h.all.v2023.2.Hs.symbols
PRMT5,h.all.v2023.2.Hs.symbols
ATF5,h.all.v2023.2.Hs.symbols
ATRX,h.all.v2023.2.Hs.symbols
SAP30,h.all.v2023.2.Hs.symbols
SQLE,h.all.v2023.2.Hs.symbols
RPS6KA5,h.all.v2023.2.Hs.symbols
ARID4A,h.all.v2023.2.Hs.symbols
E2F2,h.all.v2023.2.Hs.symbols
RBL1,h.all.v2023.2.Hs.symbols
RBM14,h.all.v2023.2.Hs.symbols
SLC12A2,h.all.v2023.2.Hs.symbols
E2F4,h.all.v2023.2.Hs.symbols
ORC5,h.all.v2023.2.Hs.symbols
DKC1,h.all.v2023.2.Hs.symbols
DTYMK,h.all.v2023.2.Hs.symbols
CCNT1,h.all.v2023.2.Hs.symbols
TLE3,h.all.v2023.2.Hs.symbols
ODC1,h.all.v2023.2.Hs.symbols
TFDP1,h.all.v2023.2.Hs.symbols
EWSR1,h.all.v2023.2.Hs.symbols
KPNB1,h.all.v2023.2.Hs.symbols
H2BC12,h.all.v2023.2.Hs.symbols
TROAP,h.all.v2023.2.Hs.symbols
SLC7A5,h.all.v2023.2.Hs.symbols
CCNA2,h.all.v2023.2.Hs.symbols
RAD23B,h.all.v2023.2.Hs.symbols
HIRA,h.all.v2023.2.Hs.symbols
CUL3,h.all.v2023.2.Hs.symbols
AMD1,h.all.v2023.2.Hs.symbols
PBK,h.all.v2023.2.Hs.symbols
E2F3,h.all.v2023.2.Hs.symbols
MEIS1,h.all.v2023.2.Hs.symbols
NUP98,h.all.v2023.2.Hs.symbols
CENPA,h.all.v2023.2.Hs.symbols
EFNA5,h.all.v2023.2.Hs.symbols
UBE2C,h.all.v2023.2.Hs.symbols
SRSF10,h.all.v2023.2.Hs.symbols
CDC7,h.all.v2023.2.Hs.symbols
SFPQ,h.all.v2023.2.Hs.symbols
CHAF1A,h.all.v2023.2.Hs.symbols
TGFB1,h.all.v2023.2.Hs.symbols
DMD,h.all.v2023.2.Hs.symbols
MAP3K20,h.all.v2023.2.Hs.symbols
MAPK14,h.all.v2023.2.Hs.symbols
CDC6,h.all.v2023.2.Hs.symbols
HNRNPU,h.all.v2023.2.Hs.symbols
NUP50,h.all.v2023.2.Hs.symbols
YTHDC1,h.all.v2023.2.Hs.symbols
TENT4A,h.all.v2023.2.Hs.symbols
GINS2,h.all.v2023.2.Hs.symbols
MNAT1,h.all.v2023.2.Hs.symbols
SMAD3,h.all.v2023.2.Hs.symbols
CHMP1A,h.all.v2023.2.Hs.symbols
CBX1,h.all.v2023.2.Hs.symbols
FOXN3,h.all.v2023.2.Hs.symbols
HIF1A,h.all.v2023.2.Hs.symbols
HOXC10,h.all.v2023.2.Hs.symbols
PML,h.all.v2023.2.Hs.symbols
CUL4A,h.all.v2023.2.Hs.symbols
PURA,h.all.v2023.2.Hs.symbols
STIL,h.all.v2023.2.Hs.symbols
HSPA8,h.all.v2023.2.Hs.symbols
MEIS2,h.all.v2023.2.Hs.symbols
PTTG3P,h.all.v2023.2.Hs.symbols
HSPB8,h.all.v2023.2.Hs.symbols
GLA,h.all.v2023.2.Hs.symbols
SNX10,h.all.v2023.2.Hs.symbols
MOCS2,h.all.v2023.2.Hs.symbols
HSPA4L,h.all.v2023.2.Hs.symbols
TPBG,h.all.v2023.2.Hs.symbols
MAPT,h.all.v2023.2.Hs.symbols
SLC24A3,h.all.v2023.2.Hs.symbols
ADD3,h.all.v2023.2.Hs.symbols
MYOF,h.all.v2023.2.Hs.symbols
IL17RB,h.all.v2023.2.Hs.symbols
TOB1,h.all.v2023.2.Hs.symbols
FDFT1,h.all.v2023.2.Hs.symbols
GPER1,h.all.v2023.2.Hs.symbols
HR,h.all.v2023.2.Hs.symbols
BTG3,h.all.v2023.2.Hs.symbols
ATP2B4,h.all.v2023.2.Hs.symbols
KCNK5,h.all.v2023.2.Hs.symbols
BLVRB,h.all.v2023.2.Hs.symbols
ELOVL5,h.all.v2023.2.Hs.symbols
CLIC3,h.all.v2023.2.Hs.symbols
NCOR2,h.all.v2023.2.Hs.symbols
AMFR,h.all.v2023.2.Hs.symbols
CXCL14,h.all.v2023.2.Hs.symbols
FKBP5,h.all.v2023.2.Hs.symbols
SULT2B1,h.all.v2023.2.Hs.symbols
ITPK1,h.all.v2023.2.Hs.symbols
PLAC1,h.all.v2023.2.Hs.symbols
TMPRSS3,h.all.v2023.2.Hs.symbols
EGR3,h.all.v2023.2.Hs.symbols
LSR,h.all.v2023.2.Hs.symbols
XRCC3,h.all.v2023.2.Hs.symbols
METTL3,h.all.v2023.2.Hs.symbols
PGR,h.all.v2023.2.Hs.symbols
TFAP2C,h.all.v2023.2.Hs.symbols
ASCL1,h.all.v2023.2.Hs.symbols
CYP4F11,h.all.v2023.2.Hs.symbols
CDH1,h.all.v2023.2.Hs.symbols
PERP,h.all.v2023.2.Hs.symbols
NBL1,h.all.v2023.2.Hs.symbols
TSPAN13,h.all.v2023.2.Hs.symbols
CXCL12,h.all.v2023.2.Hs.symbols
PAPSS2,h.all.v2023.2.Hs.symbols
NRIP1,h.all.v2023.2.Hs.symbols
PDLIM3,h.all.v2023.2.Hs.symbols
EEIG1,h.all.v2023.2.Hs.symbols
SIAH2,h.all.v2023.2.Hs.symbols
FOS,h.all.v2023.2.Hs.symbols
PTPN6,h.all.v2023.2.Hs.symbols
IL6ST,h.all.v2023.2.Hs.symbols
FRK,h.all.v2023.2.Hs.symbols
SCUBE2,h.all.v2023.2.Hs.symbols
MDK,h.all.v2023.2.Hs.symbols
OPN3,h.all.v2023.2.Hs.symbols
SEMA3B,h.all.v2023.2.Hs.symbols
GFUS,h.all.v2023.2.Hs.symbols
CHST8,h.all.v2023.2.Hs.symbols
ZFP36,h.all.v2023.2.Hs.symbols
KLF4,h.all.v2023.2.Hs.symbols
SLC27A2,h.all.v2023.2.Hs.symbols
RAB31,h.all.v2023.2.Hs.symbols
SLC1A4,h.all.v2023.2.Hs.symbols
CKB,h.all.v2023.2.Hs.symbols
PKP3,h.all.v2023.2.Hs.symbols
PLAAT3,h.all.v2023.2.Hs.symbols
CYP26B1,h.all.v2023.2.Hs.symbols
PRKAR2B,h.all.v2023.2.Hs.symbols
SOX3,h.all.v2023.2.Hs.symbols
EMP2,h.all.v2023.2.Hs.symbols
DHCR7,h.all.v2023.2.Hs.symbols
SCNN1A,h.all.v2023.2.Hs.symbols
TFF1,h.all.v2023.2.Hs.symbols
PPIF,h.all.v2023.2.Hs.symbols
BCL2,h.all.v2023.2.Hs.symbols
TJP3,h.all.v2023.2.Hs.symbols
ST6GALNAC2,h.all.v2023.2.Hs.symbols
AGR2,h.all.v2023.2.Hs.symbols
AREG,h.all.v2023.2.Hs.symbols
JAK1,h.all.v2023.2.Hs.symbols
OVOL2,h.all.v2023.2.Hs.symbols
BAG1,h.all.v2023.2.Hs.symbols
RET,h.all.v2023.2.Hs.symbols
TST,h.all.v2023.2.Hs.symbols
PTGES,h.all.v2023.2.Hs.symbols
OLFM1,h.all.v2023.2.Hs.symbols
RABEP1,h.all.v2023.2.Hs.symbols
LARGE1,h.all.v2023.2.Hs.symbols
IMPA2,h.all.v2023.2.Hs.symbols
SLC29A1,h.all.v2023.2.Hs.symbols
PRLR,h.all.v2023.2.Hs.symbols
HPRT1,h.all.v2023.2.Hs.symbols
NPY1R,h.all.v2023.2.Hs.symbols
HOMER2,h.all.v2023.2.Hs.symbols
RPS6KA2,h.all.v2023.2.Hs.symbols
DNAJC12,h.all.v2023.2.Hs.symbols
CCN5,h.all.v2023.2.Hs.symbols
XBP1,h.all.v2023.2.Hs.symbols
ALDH3A2,h.all.v2023.2.Hs.symbols
ARL3,h.all.v2023.2.Hs.symbols
DNAJC1,h.all.v2023.2.Hs.symbols
RAPGEFL1,h.all.v2023.2.Hs.symbols
SLC26A2,h.all.v2023.2.Hs.symbols
NXT1,h.all.v2023.2.Hs.symbols
SORD,h.all.v2023.2.Hs.symbols
FABP5,h.all.v2023.2.Hs.symbols
TNNC1,h.all.v2023.2.Hs.symbols
AFF1,h.all.v2023.2.Hs.symbols
NMU,h.all.v2023.2.Hs.symbols
FOXC1,h.all.v2023.2.Hs.symbols
GALE,h.all.v2023.2.Hs.symbols
LAMC2,h.all.v2023.2.Hs.symbols
IGFBP4,h.all.v2023.2.Hs.symbols
NHERF1,h.all.v2023.2.Hs.symbols
PCP4,h.all.v2023.2.Hs.symbols
ST14,h.all.v2023.2.Hs.symbols
S100A9,h.all.v2023.2.Hs.symbols
TPD52L1,h.all.v2023.2.Hs.symbols
UGDH,h.all.v2023.2.Hs.symbols
COX6C,h.all.v2023.2.Hs.symbols
GAL,h.all.v2023.2.Hs.symbols
CAV1,h.all.v2023.2.Hs.symbols
CACNA2D2,h.all.v2023.2.Hs.symbols
DUSP2,h.all.v2023.2.Hs.symbols
SLC22A5,h.all.v2023.2.Hs.symbols
SERPINA5,h.all.v2023.2.Hs.symbols
CA12,h.all.v2023.2.Hs.symbols
TH,h.all.v2023.2.Hs.symbols
DLG5,h.all.v2023.2.Hs.symbols
PDCD4,h.all.v2023.2.Hs.symbols
SLC16A1,h.all.v2023.2.Hs.symbols
ANXA9,h.all.v2023.2.Hs.symbols
CISH,h.all.v2023.2.Hs.symbols
ASS1,h.all.v2023.2.Hs.symbols
WFS1,h.all.v2023.2.Hs.symbols
ISG20,h.all.v2023.2.Hs.symbols
RBBP8,h.all.v2023.2.Hs.symbols
TRIM29,h.all.v2023.2.Hs.symbols
SFN,h.all.v2023.2.Hs.symbols
SCARB1,h.all.v2023.2.Hs.symbols
CPE,h.all.v2023.2.Hs.symbols
CA2,h.all.v2023.2.Hs.symbols
MAPK13,h.all.v2023.2.Hs.symbols
SLC2A8,h.all.v2023.2.Hs.symbols
SERPINA3,h.all.v2023.2.Hs.symbols
JAK2,h.all.v2023.2.Hs.symbols
CD44,h.all.v2023.2.Hs.symbols
IDH2,h.all.v2023.2.Hs.symbols
DHRS2,h.all.v2023.2.Hs.symbols
DYNLT3,h.all.v2023.2.Hs.symbols
KLK11,h.all.v2023.2.Hs.symbols
MYB,h.all.v2023.2.Hs.symbols
PDZK1,h.all.v2023.2.Hs.symbols
PTGER3,h.all.v2023.2.Hs.symbols
ABCA3,h.all.v2023.2.Hs.symbols
BATF,h.all.v2023.2.Hs.symbols
TPSAB1,h.all.v2023.2.Hs.symbols
CHPT1,h.all.v2023.2.Hs.symbols
IGSF1,h.all.v2023.2.Hs.symbols
DCXR,h.all.v2023.2.Hs.symbols
MICB,h.all.v2023.2.Hs.symbols
GJB3,h.all.v2023.2.Hs.symbols
KRT19,h.all.v2023.2.Hs.symbols
LTF,h.all.v2023.2.Hs.symbols
FKBP4,h.all.v2023.2.Hs.symbols
ABHD2,h.all.v2023.2.Hs.symbols
CALCR,h.all.v2023.2.Hs.symbols
ID2,h.all.v2023.2.Hs.symbols
ALDH3B1,h.all.v2023.2.Hs.symbols
ETFB,h.all.v2023.2.Hs.symbols
KIF20A,h.all.v2023.2.Hs.symbols
LLGL2,h.all.v2023.2.Hs.symbols
MEST,h.all.v2023.2.Hs.symbols
NAB2,h.all.v2023.2.Hs.symbols
TFF3,h.all.v2023.2.Hs.symbols
KLK10,h.all.v2023.2.Hs.symbols
PLXNB1,h.all.v2023.2.Hs.symbols
UNC13B,h.all.v2023.2.Hs.symbols
CRISP2,h.all.v2023.2.Hs.symbols
CCT6B,h.all.v2023.2.Hs.symbols
TUBA3C,h.all.v2023.2.Hs.symbols
CNIH2,h.all.v2023.2.Hs.symbols
COIL,h.all.v2023.2.Hs.symbols
ADAM2,h.all.v2023.2.Hs.symbols
DDX4,h.all.v2023.2.Hs.symbols
AGFG1,h.all.v2023.2.Hs.symbols
RAD17,h.all.v2023.2.Hs.symbols
H1-6,h.all.v2023.2.Hs.symbols
ALOX15,h.all.v2023.2.Hs.symbols
PGK2,h.all.v2023.2.Hs.symbols
SYCP1,h.all.v2023.2.Hs.symbols
SPATA6,h.all.v2023.2.Hs.symbols
GAD1,h.all.v2023.2.Hs.symbols
ACRBP,h.all.v2023.2.Hs.symbols
THEG,h.all.v2023.2.Hs.symbols
RFC4,h.all.v2023.2.Hs.symbols
TEKT2,h.all.v2023.2.Hs.symbols
NPY5R,h.all.v2023.2.Hs.symbols
PEBP1,h.all.v2023.2.Hs.symbols
CLGN,h.all.v2023.2.Hs.symbols
PIAS2,h.all.v2023.2.Hs.symbols
DMRT1,h.all.v2023.2.Hs.symbols
GRM8,h.all.v2023.2.Hs.symbols
PRKAR2A,h.all.v2023.2.Hs.symbols
ARL4A,h.all.v2023.2.Hs.symbols
PSMG1,h.all.v2023.2.Hs.symbols
TCP11,h.all.v2023.2.Hs.symbols
PCSK4,h.all.v2023.2.Hs.symbols
ELOVL3,h.all.v2023.2.Hs.symbols
NEFH,h.all.v2023.2.Hs.symbols
DNAJB8,h.all.v2023.2.Hs.symbols
GPR182,h.all.v2023.2.Hs.symbols
STAM2,h.all.v2023.2.Hs.symbols
TULP2,h.all.v2023.2.Hs.symbols
MEP1B,h.all.v2023.2.Hs.symbols
TKTL1,h.all.v2023.2.Hs.symbols
BRAF,h.all.v2023.2.Hs.symbols
IDE,h.all.v2023.2.Hs.symbols
DDX25,h.all.v2023.2.Hs.symbols
MAST2,h.all.v2023.2.Hs.symbols
SCG3,h.all.v2023.2.Hs.symbols
IL13RA2,h.all.v2023.2.Hs.symbols
TOPBP1,h.all.v2023.2.Hs.symbols
PRM2,h.all.v2023.2.Hs.symbols
IL12RB2,h.all.v2023.2.Hs.symbols
TSN,h.all.v2023.2.Hs.symbols
IFT88,h.all.v2023.2.Hs.symbols
ART3,h.all.v2023.2.Hs.symbols
GMCL1,h.all.v2023.2.Hs.symbols
TLE4,h.all.v2023.2.Hs.symbols
TSSK2,h.all.v2023.2.Hs.symbols
CAMK4,h.all.v2023.2.Hs.symbols
HBZ,h.all.v2023.2.Hs.symbols
GFI1,h.all.v2023.2.Hs.symbols
HTR5A,h.all.v2023.2.Hs.symbols
PACRG,h.all.v2023.2.Hs.symbols
PARP2,h.all.v2023.2.Hs.symbols
NF2,h.all.v2023.2.Hs.symbols
PDHA2,h.all.v2023.2.Hs.symbols
TALDO1,h.all.v2023.2.Hs.symbols
NPHP1,h.all.v2023.2.Hs.symbols
NCAPH,h.all.v2023.2.Hs.symbols
ADAD1,h.all.v2023.2.Hs.symbols
STRBP,h.all.v2023.2.Hs.symbols
ACRV1,h.all.v2023.2.Hs.symbols
CFTR,h.all.v2023.2.Hs.symbols
RPL39L,h.all.v2023.2.Hs.symbols
GAPDHS,h.all.v2023.2.Hs.symbols
PHKG2,h.all.v2023.2.Hs.symbols
HSPA1L,h.all.v2023.2.Hs.symbols
LDHC,h.all.v2023.2.Hs.symbols
GSG1,h.all.v2023.2.Hs.symbols
SLC2A5,h.all.v2023.2.Hs.symbols
AKAP4,h.all.v2023.2.Hs.symbols
CSNK2A2,h.all.v2023.2.Hs.symbols
ACE,h.all.v2023.2.Hs.symbols
ZNRF4,h.all.v2023.2.Hs.symbols
CHFR,h.all.v2023.2.Hs.symbols
PGS1,h.all.v2023.2.Hs.symbols
PCSK1N,h.all.v2023.2.Hs.symbols
LPIN1,h.all.v2023.2.Hs.symbols
SHE,h.all.v2023.2.Hs.symbols
PAPOLB,h.all.v2023.2.Hs.symbols
CHRM4,h.all.v2023.2.Hs.symbols
GSTM3,h.all.v2023.2.Hs.symbols
JAM3,h.all.v2023.2.Hs.symbols
HSPA2,h.all.v2023.2.Hs.symbols
ADCYAP1,h.all.v2023.2.Hs.symbols
ACTL7B,h.all.v2023.2.Hs.symbols
TNP1,h.all.v2023.2.Hs.symbols
ZPBP,h.all.v2023.2.Hs.symbols
IP6K1,h.all.v2023.2.Hs.symbols
SCG5,h.all.v2023.2.Hs.symbols
VDAC3,h.all.v2023.2.Hs.symbols
CLPB,h.all.v2023.2.Hs.symbols
NAA11,h.all.v2023.2.Hs.symbols
SIRT1,h.all.v2023.2.Hs.symbols
MAP7,h.all.v2023.2.Hs.symbols
MTOR,h.all.v2023.2.Hs.symbols
DPEP3,h.all.v2023.2.Hs.symbols
MLF1,h.all.v2023.2.Hs.symbols
ODF1,h.all.v2023.2.Hs.symbols
TNP2,h.all.v2023.2.Hs.symbols
OAZ3,h.all.v2023.2.Hs.symbols
HOXB1,h.all.v2023.2.Hs.symbols
MLLT10,h.all.v2023.2.Hs.symbols
ZC3H14,h.all.v2023.2.Hs.symbols
CST8,h.all.v2023.2.Hs.symbols
PHF7,h.all.v2023.2.Hs.symbols
POMC,h.all.v2023.2.Hs.symbols
DMC1,h.all.v2023.2.Hs.symbols
MTNR1A,h.all.v2023.2.Hs.symbols
SNAP91,h.all.v2023.2.Hs.symbols
CLVS1,h.all.v2023.2.Hs.symbols
SEPTIN4,h.all.v2023.2.Hs.symbols
SLC16A6,h.all.v2023.2.Hs.symbols
CCL2,h.all.v2023.2.Hs.symbols
TNFAIP8,h.all.v2023.2.Hs.symbols
IRS2,h.all.v2023.2.Hs.symbols
PER1,h.all.v2023.2.Hs.symbols
PTGER4,h.all.v2023.2.Hs.symbols
G0S2,h.all.v2023.2.Hs.symbols
FOSL2,h.all.v2023.2.Hs.symbols
MCL1,h.all.v2023.2.Hs.symbols
LDLR,h.all.v2023.2.Hs.symbols
RIGI,h.all.v2023.2.Hs.symbols
SQSTM1,h.all.v2023.2.Hs.symbols
EGR2,h.all.v2023.2.Hs.symbols
MSC,h.all.v2023.2.Hs.symbols
CSF1,h.all.v2023.2.Hs.symbols
CLCF1,h.all.v2023.2.Hs.symbols
CCL20,h.all.v2023.2.Hs.symbols
JUNB,h.all.v2023.2.Hs.symbols
PANX1,h.all.v2023.2.Hs.symbols
BIRC3,h.all.v2023.2.Hs.symbols
PFKFB3,h.all.v2023.2.Hs.symbols
TNFSF9,h.all.v2023.2.Hs.symbols
PDE4B,h.all.v2023.2.Hs.symbols
CFLAR,h.all.v2023.2.Hs.symbols
NFAT5,h.all.v2023.2.Hs.symbols
TNFAIP6,h.all.v2023.2.Hs.symbols
CXCL1,h.all.v2023.2.Hs.symbols
CSF2,h.all.v2023.2.Hs.symbols
FOSB,h.all.v2023.2.Hs.symbols
GPR183,h.all.v2023.2.Hs.symbols
TNIP2,h.all.v2023.2.Hs.symbols
ZBTB10,h.all.v2023.2.Hs.symbols
NINJ1,h.all.v2023.2.Hs.symbols
DUSP4,h.all.v2023.2.Hs.symbols
RELA,h.all.v2023.2.Hs.symbols
REL,h.all.v2023.2.Hs.symbols
TNF,h.all.v2023.2.Hs.symbols
LIF,h.all.v2023.2.Hs.symbols
ABCA1,h.all.v2023.2.Hs.symbols
SLC2A6,h.all.v2023.2.Hs.symbols
TLR2,h.all.v2023.2.Hs.symbols
PTX3,h.all.v2023.2.Hs.symbols
GFPT2,h.all.v2023.2.Hs.symbols
PLPP3,h.all.v2023.2.Hs.symbols
MXD1,h.all.v2023.2.Hs.symbols
HES1,h.all.v2023.2.Hs.symbols
STAT5A,h.all.v2023.2.Hs.symbols
IL1A,h.all.v2023.2.Hs.symbols
SOCS3,h.all.v2023.2.Hs.symbols
ICAM1,h.all.v2023.2.Hs.symbols
MAP2K3,h.all.v2023.2.Hs.symbols
CCNL1,h.all.v2023.2.Hs.symbols
KLF9,h.all.v2023.2.Hs.symbols
NFKBIE,h.all.v2023.2.Hs.symbols
BTG1,h.all.v2023.2.Hs.symbols
PTPRE,h.all.v2023.2.Hs.symbols
DRAM1,h.all.v2023.2.Hs.symbols
EIF1,h.all.v2023.2.Hs.symbols
SOD2,h.all.v2023.2.Hs.symbols
ACKR3,h.all.v2023.2.Hs.symbols
EFNA1,h.all.v2023.2.Hs.symbols
IER5,h.all.v2023.2.Hs.symbols
F2RL1,h.all.v2023.2.Hs.symbols
LITAF,h.all.v2023.2.Hs.symbols
DNAJB4,h.all.v2023.2.Hs.symbols
NAMPT,h.all.v2023.2.Hs.symbols
FOSL1,h.all.v2023.2.Hs.symbols
TNFAIP2,h.all.v2023.2.Hs.symbols
TSC22D1,h.all.v2023.2.Hs.symbols
SIK1,h.all.v2023.2.Hs.symbols
KDM6B,h.all.v2023.2.Hs.symbols
PTGS2,h.all.v2023.2.Hs.symbols
FJX1,h.all.v2023.2.Hs.symbols
B4GALT1,h.all.v2023.2.Hs.symbols
IL23A,h.all.v2023.2.Hs.symbols
LAMB3,h.all.v2023.2.Hs.symbols
TANK,h.all.v2023.2.Hs.symbols
TNIP1,h.all.v2023.2.Hs.symbols
RNF19B,h.all.v2023.2.Hs.symbols
SLC2A3,h.all.v2023.2.Hs.symbols
SAT1,h.all.v2023.2.Hs.symbols
TNFRSF9,h.all.v2023.2.Hs.symbols
PMEPA1,h.all.v2023.2.Hs.symbols
KLF6,h.all.v2023.2.Hs.symbols
CCN1,h.all.v2023.2.Hs.symbols
DUSP1,h.all.v2023.2.Hs.symbols
PNRC1,h.all.v2023.2.Hs.symbols
IFIH1,h.all.v2023.2.Hs.symbols
SDC4,h.all.v2023.2.Hs.symbols
BIRC2,h.all.v2023.2.Hs.symbols
ATF3,h.all.v2023.2.Hs.symbols
ETS2,h.all.v2023.2.Hs.symbols
DENND5A,h.all.v2023.2.Hs.symbols
GCH1,h.all.v2023.2.Hs.symbols
IFIT2,h.all.v2023.2.Hs.symbols
SPHK1,h.all.v2023.2.Hs.symbols
INHBA,h.all.v2023.2.Hs.symbols
IL18,h.all.v2023.2.Hs.symbols
YRDC,h.all.v2023.2.Hs.symbols
ATP2B1,h.all.v2023.2.Hs.symbols
PHLDA2,h.all.v2023.2.Hs.symbols
FUT4,h.all.v2023.2.Hs.symbols
TNC,h.all.v2023.2.Hs.symbols
TGIF1,h.all.v2023.2.Hs.symbols
VEGFA,h.all.v2023.2.Hs.symbols
BCL6,h.all.v2023.2.Hs.symbols
PPP1R15A,h.all.v2023.2.Hs.symbols
NR4A3,h.all.v2023.2.Hs.symbols
NR4A1,h.all.v2023.2.Hs.symbols
NFKB2,h.all.v2023.2.Hs.symbols
TIPARP,h.all.v2023.2.Hs.symbols
RHOB,h.all.v2023.2.Hs.symbols
CXCL11,h.all.v2023.2.Hs.symbols
BCL2A1,h.all.v2023.2.Hs.symbols
PLAUR,h.all.v2023.2.Hs.symbols
TUBB2A,h.all.v2023.2.Hs.symbols
NFKB1,h.all.v2023.2.Hs.symbols
RELB,h.all.v2023.2.Hs.symbols
EHD1,h.all.v2023.2.Hs.symbols
CD83,h.all.v2023.2.Hs.symbols
GEM,h.all.v2023.2.Hs.symbols
IRF1,h.all.v2023.2.Hs.symbols
TRIP10,h.all.v2023.2.Hs.symbols
GADD45A,h.all.v2023.2.Hs.symbols
BMP2,h.all.v2023.2.Hs.symbols
B4GALT5,h.all.v2023.2.Hs.symbols
SPSB1,h.all.v2023.2.Hs.symbols
IL1B,h.all.v2023.2.Hs.symbols
JAG1,h.all.v2023.2.Hs.symbols
JUN,h.all.v2023.2.Hs.symbols
PHLDA1,h.all.v2023.2.Hs.symbols
TAP1,h.all.v2023.2.Hs.symbols
CXCL2,h.all.v2023.2.Hs.symbols
SERPINB8,h.all.v2023.2.Hs.symbols
IL15RA,h.all.v2023.2.Hs.symbols
RIPK2,h.all.v2023.2.Hs.symbols
ZC3H12A,h.all.v2023.2.Hs.symbols
CXCL3,h.all.v2023.2.Hs.symbols
DUSP5,h.all.v2023.2.Hs.symbols
CEBPD,h.all.v2023.2.Hs.symbols
EGR1,h.all.v2023.2.Hs.symbols
IL6,h.all.v2023.2.Hs.symbols
MAP3K8,h.all.v2023.2.Hs.symbols
NFE2L2,h.all.v2023.2.Hs.symbols
TNFAIP3,h.all.v2023.2.Hs.symbols
RCAN1,h.all.v2023.2.Hs.symbols
CCRL2,h.all.v2023.2.Hs.symbols
KLF2,h.all.v2023.2.Hs.symbols
IFNGR2,h.all.v2023.2.Hs.symbols
KYNU,h.all.v2023.2.Hs.symbols
GADD45B,h.all.v2023.2.Hs.symbols
CXCL6,h.all.v2023.2.Hs.symbols
HBEGF,h.all.v2023.2.Hs.symbols
CCL4,h.all.v2023.2.Hs.symbols
ICOSLG,h.all.v2023.2.Hs.symbols
CD69,h.all.v2023.2.Hs.symbols
CCL5,h.all.v2023.2.Hs.symbols
IL7R,h.all.v2023.2.Hs.symbols
IER2,h.all.v2023.2.Hs.symbols
BHLHE40,h.all.v2023.2.Hs.symbols
NFIL3,h.all.v2023.2.Hs.symbols
PLK2,h.all.v2023.2.Hs.symbols
CXCL10,h.all.v2023.2.Hs.symbols
NFKBIA,h.all.v2023.2.Hs.symbols
KLF10,h.all.v2023.2.Hs.symbols
CEBPB,h.all.v2023.2.Hs.symbols
TRIB1,h.all.v2023.2.Hs.symbols
IER3,h.all.v2023.2.Hs.symbols
TRAF1,h.all.v2023.2.Hs.symbols
COL16A1,h.all.v2023.2.Hs.symbols
COL5A3,h.all.v2023.2.Hs.symbols
IL32,h.all.v2023.2.Hs.symbols
MYL9,h.all.v2023.2.Hs.symbols
PVR,h.all.v2023.2.Hs.symbols
PRRX1,h.all.v2023.2.Hs.symbols
FERMT2,h.all.v2023.2.Hs.symbols
FSTL3,h.all.v2023.2.Hs.symbols
TAGLN,h.all.v2023.2.Hs.symbols
DCN,h.all.v2023.2.Hs.symbols
EFEMP2,h.all.v2023.2.Hs.symbols
LOX,h.all.v2023.2.Hs.symbols
SFRP4,h.all.v2023.2.Hs.symbols
FZD8,h.all.v2023.2.Hs.symbols
EMP3,h.all.v2023.2.Hs.symbols
ELN,h.all.v2023.2.Hs.symbols
COL3A1,h.all.v2023.2.Hs.symbols
SFRP1,h.all.v2023.2.Hs.symbols
CALU,h.all.v2023.2.Hs.symbols
FUCA1,h.all.v2023.2.Hs.symbols
LOXL2,h.all.v2023.2.Hs.symbols
COL5A2,h.all.v2023.2.Hs.symbols
CDH6,h.all.v2023.2.Hs.symbols
COL6A2,h.all.v2023.2.Hs.symbols
ACTA2,h.all.v2023.2.Hs.symbols
ITGA5,h.all.v2023.2.Hs.symbols
VCAN,h.all.v2023.2.Hs.symbols
LAMA1,h.all.v2023.2.Hs.symbols
PLOD3,h.all.v2023.2.Hs.symbols
MATN2,h.all.v2023.2.Hs.symbols
ANPEP,h.all.v2023.2.Hs.symbols
PMP22,h.all.v2023.2.Hs.symbols
TGFBI,h.all.v2023.2.Hs.symbols
CDH11,h.all.v2023.2.Hs.symbols
SERPINE2,h.all.v2023.2.Hs.symbols
MFAP5,h.all.v2023.2.Hs.symbols
ITGB5,h.all.v2023.2.Hs.symbols
SPOCK1,h.all.v2023.2.Hs.symbols
CDH2,h.all.v2023.2.Hs.symbols
GAS1,h.all.v2023.2.Hs.symbols
RGS4,h.all.v2023.2.Hs.symbols
FOXC2,h.all.v2023.2.Hs.symbols
TPM2,h.all.v2023.2.Hs.symbols
PPIB,h.all.v2023.2.Hs.symbols
LGALS1,h.all.v2023.2.Hs.symbols
COLGALT1,h.all.v2023.2.Hs.symbols
VEGFC,h.all.v2023.2.Hs.symbols
GREM1,h.all.v2023.2.Hs.symbols
NID2,h.all.v2023.2.Hs.symbols
PDGFRB,h.all.v2023.2.Hs.symbols
ITGB1,h.all.v2023.2.Hs.symbols
LOXL1,h.all.v2023.2.Hs.symbols
SERPINH1,h.all.v2023.2.Hs.symbols
CAPG,h.all.v2023.2.Hs.symbols
SPP1,h.all.v2023.2.Hs.symbols
FGF2,h.all.v2023.2.Hs.symbols
SGCD,h.all.v2023.2.Hs.symbols
OXTR,h.all.v2023.2.Hs.symbols
COL5A1,h.all.v2023.2.Hs.symbols
NTM,h.all.v2023.2.Hs.symbols
VCAM1,h.all.v2023.2.Hs.symbols
COL4A1,h.all.v2023.2.Hs.symbols
PLOD1,h.all.v2023.2.Hs.symbols
TNFRSF12A,h.all.v2023.2.Hs.symbols
TNFRSF11B,h.all.v2023.2.Hs.symbols
BGN,h.all.v2023.2.Hs.symbols
GPX7,h.all.v2023.2.Hs.symbols
SGCG,h.all.v2023.2.Hs.symbols
SLC6A8,h.all.v2023.2.Hs.symbols
FMOD,h.all.v2023.2.Hs.symbols
COPA,h.all.v2023.2.Hs.symbols
TPM4,h.all.v2023.2.Hs.symbols
ECM2,h.all.v2023.2.Hs.symbols
PDLIM4,h.all.v2023.2.Hs.symbols
COL7A1,h.all.v2023.2.Hs.symbols
MATN3,h.all.v2023.2.Hs.symbols
THY1,h.all.v2023.2.Hs.symbols
CADM1,h.all.v2023.2.Hs.symbols
MGP,h.all.v2023.2.Hs.symbols
LUM,h.all.v2023.2.Hs.symbols
LAMA3,h.all.v2023.2.Hs.symbols
FSTL1,h.all.v2023.2.Hs.symbols
MXRA5,h.all.v2023.2.Hs.symbols
PTHLH,h.all.v2023.2.Hs.symbols
DKK1,h.all.v2023.2.Hs.symbols
WNT5A,h.all.v2023.2.Hs.symbols
IL15,h.all.v2023.2.Hs.symbols
LAMA2,h.all.v2023.2.Hs.symbols
CAP2,h.all.v2023.2.Hs.symbols
PLOD2,h.all.v2023.2.Hs.symbols
FBLN5,h.all.v2023.2.Hs.symbols
MAGEE1,h.all.v2023.2.Hs.symbols
FBLN1,h.all.v2023.2.Hs.symbols
FBN2,h.all.v2023.2.Hs.symbols
COL6A3,h.all.v2023.2.Hs.symbols
IGFBP3,h.all.v2023.2.Hs.symbols
PCOLCE,h.all.v2023.2.Hs.symbols
FBLN2,h.all.v2023.2.Hs.symbols
VIM,h.all.v2023.2.Hs.symbols
QSOX1,h.all.v2023.2.Hs.symbols
SDC1,h.all.v2023.2.Hs.symbols
CTHRC1,h.all.v2023.2.Hs.symbols
TPM1,h.all.v2023.2.Hs.symbols
DPYSL3,h.all.v2023.2.Hs.symbols
LRRC15,h.all.v2023.2.Hs.symbols
LAMC1,h.all.v2023.2.Hs.symbols
SLIT3,h.all.v2023.2.Hs.symbols
ABI3BP,h.all.v2023.2.Hs.symbols
BASP1,h.all.v2023.2.Hs.symbols
ECM1,h.all.v2023.2.Hs.symbols
SNTB1,h.all.v2023.2.Hs.symbols
PFN2,h.all.v2023.2.Hs.symbols
FAS,h.all.v2023.2.Hs.symbols
WIPF1,h.all.v2023.2.Hs.symbols
SGCB,h.all.v2023.2.Hs.symbols
EDIL3,h.all.v2023.2.Hs.symbols
FAP,h.all.v2023.2.Hs.symbols
ADAM12,h.all.v2023.2.Hs.symbols
MYLK,h.all.v2023.2.Hs.symbols
PCOLCE2,h.all.v2023.2.Hs.symbols
PRSS2,h.all.v2023.2.Hs.symbols
GPC1,h.all.v2023.2.Hs.symbols
SCG2,h.all.v2023.2.Hs.symbols
GLIPR1,h.all.v2023.2.Hs.symbols
MSX1,h.all.v2023.2.Hs.symbols
SLIT2,h.all.v2023.2.Hs.symbols
NT5E,h.all.v2023.2.Hs.symbols
CD59,h.all.v2023.2.Hs.symbols
COL11A1,h.all.v2023.2.Hs.symbols
SNAI2,h.all.v2023.2.Hs.symbols
COL4A2,h.all.v2023.2.Hs.symbols
COL8A2,h.all.v2023.2.Hs.symbols
CALD1,h.all.v2023.2.Hs.symbols
ENO2,h.all.v2023.2.Hs.symbols
COL1A2,h.all.v2023.2.Hs.symbols
CCN2,h.all.v2023.2.Hs.symbols
POSTN,h.all.v2023.2.Hs.symbols
TGFBR3,h.all.v2023.2.Hs.symbols
ITGAV,h.all.v2023.2.Hs.symbols
BDNF,h.all.v2023.2.Hs.symbols
P3H1,h.all.v2023.2.Hs.symbols
APLP1,h.all.v2023.2.Hs.symbols
CXCL8,h.all.v2023.2.Hs.symbols
THBS2,h.all.v2023.2.Hs.symbols
COL1A1,h.all.v2023.2.Hs.symbols
COL12A1,h.all.v2023.2.Hs.symbols
NNMT,h.all.v2023.2.Hs.symbols
TGM2,h.all.v2023.2.Hs.symbols
DAB2,h.all.v2023.2.Hs.symbols
CRLF1,h.all.v2023.2.Hs.symbols
GJA1,h.all.v2023.2.Hs.symbols
P4HA1,h.all.v2023.2.Hs.symbols
HMOX1,h.all.v2023.2.Hs.symbols
GCNT2,h.all.v2023.2.Hs.symbols
CHST3,h.all.v2023.2.Hs.symbols
CAVIN3,h.all.v2023.2.Hs.symbols
NCAN,h.all.v2023.2.Hs.symbols
PIM1,h.all.v2023.2.Hs.symbols
S100A4,h.all.v2023.2.Hs.symbols
PPP1R3C,h.all.v2023.2.Hs.symbols
XPNPEP1,h.all.v2023.2.Hs.symbols
SRPX,h.all.v2023.2.Hs.symbols
SELENBP1,h.all.v2023.2.Hs.symbols
NDRG1,h.all.v2023.2.Hs.symbols
RRAGD,h.all.v2023.2.Hs.symbols
GPC4,h.all.v2023.2.Hs.symbols
DDIT3,h.all.v2023.2.Hs.symbols
PGM1,h.all.v2023.2.Hs.symbols
GYS1,h.all.v2023.2.Hs.symbols
PFKL,h.all.v2023.2.Hs.symbols
SLC2A1,h.all.v2023.2.Hs.symbols
GALK1,h.all.v2023.2.Hs.symbols
PLAC8,h.all.v2023.2.Hs.symbols
GPI,h.all.v2023.2.Hs.symbols
IGFBP1,h.all.v2023.2.Hs.symbols
PDK3,h.all.v2023.2.Hs.symbols
B3GALT6,h.all.v2023.2.Hs.symbols
PLIN2,h.all.v2023.2.Hs.symbols
DTNA,h.all.v2023.2.Hs.symbols
BNIP3L,h.all.v2023.2.Hs.symbols
FOXO3,h.all.v2023.2.Hs.symbols
KDELR3,h.all.v2023.2.Hs.symbols
MT1E,h.all.v2023.2.Hs.symbols
ENO1,h.all.v2023.2.Hs.symbols
PFKP,h.all.v2023.2.Hs.symbols
HEXA,h.all.v2023.2.Hs.symbols
SDC3,h.all.v2023.2.Hs.symbols
MIF,h.all.v2023.2.Hs.symbols
KLHL24,h.all.v2023.2.Hs.symbols
TES,h.all.v2023.2.Hs.symbols
AMPD3,h.all.v2023.2.Hs.symbols
KDM3A,h.all.v2023.2.Hs.symbols
STC1,h.all.v2023.2.Hs.symbols
JMJD6,h.all.v2023.2.Hs.symbols
MXI1,h.all.v2023.2.Hs.symbols
TPD52,h.all.v2023.2.Hs.symbols
UGP2,h.all.v2023.2.Hs.symbols
WSB1,h.all.v2023.2.Hs.symbols
LDHA,h.all.v2023.2.Hs.symbols
ERRFI1,h.all.v2023.2.Hs.symbols
PRKCA,h.all.v2023.2.Hs.symbols
BCAN,h.all.v2023.2.Hs.symbols
PAM,h.all.v2023.2.Hs.symbols
FBP1,h.all.v2023.2.Hs.symbols
GBE1,h.all.v2023.2.Hs.symbols
HK2,h.all.v2023.2.Hs.symbols
PGAM2,h.all.v2023.2.Hs.symbols
PHKG1,h.all.v2023.2.Hs.symbols
EXT1,h.all.v2023.2.Hs.symbols
RBPJ,h.all.v2023.2.Hs.symbols
LXN,h.all.v2023.2.Hs.symbols
SDC2,h.all.v2023.2.Hs.symbols
HK1,h.all.v2023.2.Hs.symbols
ZNF292,h.all.v2023.2.Hs.symbols
HDLBP,h.all.v2023.2.Hs.symbols
NDST1,h.all.v2023.2.Hs.symbols
CITED2,h.all.v2023.2.Hs.symbols
CAVIN1,h.all.v2023.2.Hs.symbols
TMEM45A,h.all.v2023.2.Hs.symbols
NAGK,h.all.v2023.2.Hs.symbols
ALDOB,h.all.v2023.2.Hs.symbols
GAPDH,h.all.v2023.2.Hs.symbols
PGM2,h.all.v2023.2.Hs.symbols
PDK1,h.all.v2023.2.Hs.symbols
CDKN1C,h.all.v2023.2.Hs.symbols
TPST2,h.all.v2023.2.Hs.symbols
GLRX,h.all.v2023.2.Hs.symbols
CP,h.all.v2023.2.Hs.symbols
PRDX5,h.all.v2023.2.Hs.symbols
PYGM,h.all.v2023.2.Hs.symbols
ANKZF1,h.all.v2023.2.Hs.symbols
ILVBL,h.all.v2023.2.Hs.symbols
PCK1,h.all.v2023.2.Hs.symbols
PPFIA4,h.all.v2023.2.Hs.symbols
AKAP12,h.all.v2023.2.Hs.symbols
ERO1A,h.all.v2023.2.Hs.symbols
GRHPR,h.all.v2023.2.Hs.symbols
EFNA3,h.all.v2023.2.Hs.symbols
ANXA2,h.all.v2023.2.Hs.symbols
IDS,h.all.v2023.2.Hs.symbols
CCNG2,h.all.v2023.2.Hs.symbols
NR3C1,h.all.v2023.2.Hs.symbols
LALBA,h.all.v2023.2.Hs.symbols
HS3ST1,h.all.v2023.2.Hs.symbols
MAP3K1,h.all.v2023.2.Hs.symbols
INHA,h.all.v2023.2.Hs.symbols
DPYSL4,h.all.v2023.2.Hs.symbols
VLDLR,h.all.v2023.2.Hs.symbols
NEDD4L,h.all.v2023.2.Hs.symbols
HAS1,h.all.v2023.2.Hs.symbols
TPI1,h.all.v2023.2.Hs.symbols
PGF,h.all.v2023.2.Hs.symbols
FAM162A,h.all.v2023.2.Hs.symbols
KIF5A,h.all.v2023.2.Hs.symbols
TGFB3,h.all.v2023.2.Hs.symbols
ALDOC,h.all.v2023.2.Hs.symbols
ADORA2B,h.all.v2023.2.Hs.symbols
NDST2,h.all.v2023.2.Hs.symbols
PPARGC1A,h.all.v2023.2.Hs.symbols
ETS1,h.all.v2023.2.Hs.symbols
DDIT4,h.all.v2023.2.Hs.symbols
NOCT,h.all.v2023.2.Hs.symbols
SLC37A4,h.all.v2023.2.Hs.symbols
BRS3,h.all.v2023.2.Hs.symbols
EGFR,h.all.v2023.2.Hs.symbols
ATP7A,h.all.v2023.2.Hs.symbols
ANGPTL4,h.all.v2023.2.Hs.symbols
ALDOA,h.all.v2023.2.Hs.symbols
SLC6A6,h.all.v2023.2.Hs.symbols
HOXB9,h.all.v2023.2.Hs.symbols
ENO3,h.all.v2023.2.Hs.symbols
STC2,h.all.v2023.2.Hs.symbols
CSRP2,h.all.v2023.2.Hs.symbols
PGK1,h.all.v2023.2.Hs.symbols
HSPA5,h.all.v2023.2.Hs.symbols
ADM,h.all.v2023.2.Hs.symbols
B4GALNT2,h.all.v2023.2.Hs.symbols
GPC3,h.all.v2023.2.Hs.symbols
RORA,h.all.v2023.2.Hs.symbols
STBD1,h.all.v2023.2.Hs.symbols
CASP6,h.all.v2023.2.Hs.symbols
AK4,h.all.v2023.2.Hs.symbols
SLC25A1,h.all.v2023.2.Hs.symbols
VHL,h.all.v2023.2.Hs.symbols
P4HA2,h.all.v2023.2.Hs.symbols
GAA,h.all.v2023.2.Hs.symbols
CXCR4,h.all.v2023.2.Hs.symbols
PEX6,h.all.v2023.2.Hs.symbols
ABCA4,h.all.v2023.2.Hs.symbols
CROT,h.all.v2023.2.Hs.symbols
MLYCD,h.all.v2023.2.Hs.symbols
ALDH1A1,h.all.v2023.2.Hs.symbols
ALDH9A1,h.all.v2023.2.Hs.symbols
NEDD4,h.all.v2023.2.Hs.symbols
HSD3B7,h.all.v2023.2.Hs.symbols
LONP2,h.all.v2023.2.Hs.symbols
PEX12,h.all.v2023.2.Hs.symbols
PIPOX,h.all.v2023.2.Hs.symbols
SCP2,h.all.v2023.2.Hs.symbols
IDI1,h.all.v2023.2.Hs.symbols
OPTN,h.all.v2023.2.Hs.symbols
SLC23A2,h.all.v2023.2.Hs.symbols
DIO2,h.all.v2023.2.Hs.symbols
AQP9,h.all.v2023.2.Hs.symbols
SLC35B2,h.all.v2023.2.Hs.symbols
HSD3B1,h.all.v2023.2.Hs.symbols
RXRA,h.all.v2023.2.Hs.symbols
ABCA9,h.all.v2023.2.Hs.symbols
PECR,h.all.v2023.2.Hs.symbols
DHCR24,h.all.v2023.2.Hs.symbols
SOD1,h.all.v2023.2.Hs.symbols
FDXR,h.all.v2023.2.Hs.symbols
AGXT,h.all.v2023.2.Hs.symbols
PFKM,h.all.v2023.2.Hs.symbols
ABCA2,h.all.v2023.2.Hs.symbols
PAOX,h.all.v2023.2.Hs.symbols
DIO1,h.all.v2023.2.Hs.symbols
IDH1,h.all.v2023.2.Hs.symbols
PXMP2,h.all.v2023.2.Hs.symbols
PEX26,h.all.v2023.2.Hs.symbols
BCAR3,h.all.v2023.2.Hs.symbols
RXRG,h.all.v2023.2.Hs.symbols
PEX11G,h.all.v2023.2.Hs.symbols
PNPLA8,h.all.v2023.2.Hs.symbols
FADS1,h.all.v2023.2.Hs.symbols
PEX16,h.all.v2023.2.Hs.symbols
CYP8B1,h.all.v2023.2.Hs.symbols
ISOC1,h.all.v2023.2.Hs.symbols
ATXN1,h.all.v2023.2.Hs.symbols
GCLM,h.all.v2023.2.Hs.symbols
CYP7B1,h.all.v2023.2.Hs.symbols
CYP7A1,h.all.v2023.2.Hs.symbols
ABCA5,h.all.v2023.2.Hs.symbols
ABCA6,h.all.v2023.2.Hs.symbols
KLF1,h.all.v2023.2.Hs.symbols
HSD17B6,h.all.v2023.2.Hs.symbols
TTR,h.all.v2023.2.Hs.symbols
SULT1B1,h.all.v2023.2.Hs.symbols
SLCO1A2,h.all.v2023.2.Hs.symbols
CH25H,h.all.v2023.2.Hs.symbols
PEX7,h.all.v2023.2.Hs.symbols
HSD17B4,h.all.v2023.2.Hs.symbols
SLC22A18,h.all.v2023.2.Hs.symbols
GC,h.all.v2023.2.Hs.symbols
GSTK1,h.all.v2023.2.Hs.symbols
LIPE,h.all.v2023.2.Hs.symbols
CAT,h.all.v2023.2.Hs.symbols
ACSL1,h.all.v2023.2.Hs.symbols
HAO1,h.all.v2023.2.Hs.symbols
NR0B2,h.all.v2023.2.Hs.symbols
NR1H4,h.all.v2023.2.Hs.symbols
SLC27A5,h.all.v2023.2.Hs.symbols
NR1I2,h.all.v2023.2.Hs.symbols
PEX11A,h.all.v2023.2.Hs.symbols
ABCD3,h.all.v2023.2.Hs.symbols
EPHX2,h.all.v2023.2.Hs.symbols
SERPINA6,h.all.v2023.2.Hs.symbols
ABCD1,h.all.v2023.2.Hs.symbols
PEX1,h.all.v2023.2.Hs.symbols
BBOX1,h.all.v2023.2.Hs.symbols
PEX19,h.all.v2023.2.Hs.symbols
SOAT2,h.all.v2023.2.Hs.symbols
BMP6,h.all.v2023.2.Hs.symbols
ACSL5,h.all.v2023.2.Hs.symbols
NUDT12,h.all.v2023.2.Hs.symbols
HACL1,h.all.v2023.2.Hs.symbols
PHYH,h.all.v2023.2.Hs.symbols
AKR1D1,h.all.v2023.2.Hs.symbols
GNPAT,h.all.v2023.2.Hs.symbols
EFHC1,h.all.v2023.2.Hs.symbols
ABCG8,h.all.v2023.2.Hs.symbols
NPC1,h.all.v2023.2.Hs.symbols
RBP1,h.all.v2023.2.Hs.symbols
PEX13,h.all.v2023.2.Hs.symbols
ALDH8A1,h.all.v2023.2.Hs.symbols
CYP46A1,h.all.v2023.2.Hs.symbols
CYP27A1,h.all.v2023.2.Hs.symbols
GNMT,h.all.v2023.2.Hs.symbols
ABCD2,h.all.v2023.2.Hs.symbols
LCK,h.all.v2023.2.Hs.symbols
ABCA8,h.all.v2023.2.Hs.symbols
AR,h.all.v2023.2.Hs.symbols
HSD17B11,h.all.v2023.2.Hs.symbols
FADS2,h.all.v2023.2.Hs.symbols
RETSAT,h.all.v2023.2.Hs.symbols
AMACR,h.all.v2023.2.Hs.symbols
NR3C2,h.all.v2023.2.Hs.symbols
SLC23A1,h.all.v2023.2.Hs.symbols
GSTO1,h.all.v2023.2.Hs.symbols
ACP1,h.all.v2023.2.Hs.symbols
MCCC2,h.all.v2023.2.Hs.symbols
RBP4,h.all.v2023.2.Hs.symbols
CNDP2,h.all.v2023.2.Hs.symbols
ARPP19,h.all.v2023.2.Hs.symbols
ARG2,h.all.v2023.2.Hs.symbols
CDA,h.all.v2023.2.Hs.symbols
BCAT1,h.all.v2023.2.Hs.symbols
BPHL,h.all.v2023.2.Hs.symbols
ENTPD5,h.all.v2023.2.Hs.symbols
IGF1,h.all.v2023.2.Hs.symbols
MARCHF6,h.all.v2023.2.Hs.symbols
PTGDS,h.all.v2023.2.Hs.symbols
GABARAPL1,h.all.v2023.2.Hs.symbols
SLC22A1,h.all.v2023.2.Hs.symbols
AHCY,h.all.v2023.2.Hs.symbols
VNN1,h.all.v2023.2.Hs.symbols
CYP17A1,h.all.v2023.2.Hs.symbols
ATP2A2,h.all.v2023.2.Hs.symbols
HGFAC,h.all.v2023.2.Hs.symbols
ANGPTL3,h.all.v2023.2.Hs.symbols
CYP2S1,h.all.v2023.2.Hs.symbols
ADH7,h.all.v2023.2.Hs.symbols
CSAD,h.all.v2023.2.Hs.symbols
DHPS,h.all.v2023.2.Hs.symbols
CYP1A1,h.all.v2023.2.Hs.symbols
FETUB,h.all.v2023.2.Hs.symbols
TAT,h.all.v2023.2.Hs.symbols
TDO2,h.all.v2023.2.Hs.symbols
DDAH2,h.all.v2023.2.Hs.symbols
KARS1,h.all.v2023.2.Hs.symbols
SLC1A5,h.all.v2023.2.Hs.symbols
LPIN2,h.all.v2023.2.Hs.symbols
AP4B1,h.all.v2023.2.Hs.symbols
PDK4,h.all.v2023.2.Hs.symbols
JUP,h.all.v2023.2.Hs.symbols
CD36,h.all.v2023.2.Hs.symbols
ALDH3A1,h.all.v2023.2.Hs.symbols
ALDH2,h.all.v2023.2.Hs.symbols
PGD,h.all.v2023.2.Hs.symbols
ATOH8,h.all.v2023.2.Hs.symbols
NFS1,h.all.v2023.2.Hs.symbols
HES6,h.all.v2023.2.Hs.symbols
XDH,h.all.v2023.2.Hs.symbols
LCAT,h.all.v2023.2.Hs.symbols
ALAS1,h.all.v2023.2.Hs.symbols
AKR1C3,h.all.v2023.2.Hs.symbols
REG1A,h.all.v2023.2.Hs.symbols
TKFC,h.all.v2023.2.Hs.symbols
FMO3,h.all.v2023.2.Hs.symbols
FMO1,h.all.v2023.2.Hs.symbols
TPST1,h.all.v2023.2.Hs.symbols
ACOX1,h.all.v2023.2.Hs.symbols
DDT,h.all.v2023.2.Hs.symbols
IL1R1,h.all.v2023.2.Hs.symbols
ACSM1,h.all.v2023.2.Hs.symbols
ACOX3,h.all.v2023.2.Hs.symbols
HSD17B2,h.all.v2023.2.Hs.symbols
SLC35B1,h.all.v2023.2.Hs.symbols
PSMB10,h.all.v2023.2.Hs.symbols
ENPEP,h.all.v2023.2.Hs.symbols
ADH1C,h.all.v2023.2.Hs.symbols
MTHFD1,h.all.v2023.2.Hs.symbols
POR,h.all.v2023.2.Hs.symbols
SMOX,h.all.v2023.2.Hs.symbols
PINK1,h.all.v2023.2.Hs.symbols
SLC46A3,h.all.v2023.2.Hs.symbols
FAH,h.all.v2023.2.Hs.symbols
ACO2,h.all.v2023.2.Hs.symbols
TMBIM6,h.all.v2023.2.Hs.symbols
CYP2J2,h.all.v2023.2.Hs.symbols
PYCR1,h.all.v2023.2.Hs.symbols
GSR,h.all.v2023.2.Hs.symbols
LEAP2,h.all.v2023.2.Hs.symbols
SLC35D1,h.all.v2023.2.Hs.symbols
MAOA,h.all.v2023.2.Hs.symbols
MPP2,h.all.v2023.2.Hs.symbols
NDRG2,h.all.v2023.2.Hs.symbols
CYP1A2,h.all.v2023.2.Hs.symbols
CRP,h.all.v2023.2.Hs.symbols
IRF8,h.all.v2023.2.Hs.symbols
SERTAD1,h.all.v2023.2.Hs.symbols
TMEM176B,h.all.v2023.2.Hs.symbols
SLC6A12,h.all.v2023.2.Hs.symbols
PC,h.all.v2023.2.Hs.symbols
SLC12A4,h.all.v2023.2.Hs.symbols
AKR1C2,h.all.v2023.2.Hs.symbols
EPHX1,h.all.v2023.2.Hs.symbols
MAN1A1,h.all.v2023.2.Hs.symbols
UPB1,h.all.v2023.2.Hs.symbols
ECH1,h.all.v2023.2.Hs.symbols
CYB5A,h.all.v2023.2.Hs.symbols
ABCC2,h.all.v2023.2.Hs.symbols
TYR,h.all.v2023.2.Hs.symbols
COMT,h.all.v2023.2.Hs.symbols
CYFIP2,h.all.v2023.2.Hs.symbols
AOX1,h.all.v2023.2.Hs.symbols
ETFDH,h.all.v2023.2.Hs.symbols
PGRMC1,h.all.v2023.2.Hs.symbols
SHMT2,h.all.v2023.2.Hs.symbols
DDC,h.all.v2023.2.Hs.symbols
CYP26A1,h.all.v2023.2.Hs.symbols
RAP1GAP,h.all.v2023.2.Hs.symbols
UPP1,h.all.v2023.2.Hs.symbols
VTN,h.all.v2023.2.Hs.symbols
ADH5,h.all.v2023.2.Hs.symbols
PEMT,h.all.v2023.2.Hs.symbols
CYP4F2,h.all.v2023.2.Hs.symbols
ESR1,h.all.v2023.2.Hs.symbols
HSD11B1,h.all.v2023.2.Hs.symbols
DHRS7,h.all.v2023.2.Hs.symbols
CYP2E1,h.all.v2023.2.Hs.symbols
NQO1,h.all.v2023.2.Hs.symbols
APOE,h.all.v2023.2.Hs.symbols
NMT1,h.all.v2023.2.Hs.symbols
GCLC,h.all.v2023.2.Hs.symbols
CBR1,h.all.v2023.2.Hs.symbols
GSTM4,h.all.v2023.2.Hs.symbols
PTGR1,h.all.v2023.2.Hs.symbols
ASL,h.all.v2023.2.Hs.symbols
SPINT2,h.all.v2023.2.Hs.symbols
CDO1,h.all.v2023.2.Hs.symbols
ABHD6,h.all.v2023.2.Hs.symbols
ITIH4,h.all.v2023.2.Hs.symbols
LONP1,h.all.v2023.2.Hs.symbols
PTS,h.all.v2023.2.Hs.symbols
ARG1,h.all.v2023.2.Hs.symbols
CCL25,h.all.v2023.2.Hs.symbols
GSS,h.all.v2023.2.Hs.symbols
PTGES3,h.all.v2023.2.Hs.symbols
TTPA,h.all.v2023.2.Hs.symbols
GSTA3,h.all.v2023.2.Hs.symbols
ACP2,h.all.v2023.2.Hs.symbols
G6PC1,h.all.v2023.2.Hs.symbols
SSR3,h.all.v2023.2.Hs.symbols
GSTT2,h.all.v2023.2.Hs.symbols
PMM1,h.all.v2023.2.Hs.symbols
FABP1,h.all.v2023.2.Hs.symbols
TNFRSF1A,h.all.v2023.2.Hs.symbols
SAR1B,h.all.v2023.2.Hs.symbols
GART,h.all.v2023.2.Hs.symbols
GCKR,h.all.v2023.2.Hs.symbols
CYP2C18,h.all.v2023.2.Hs.symbols
EPHA2,h.all.v2023.2.Hs.symbols
TMEM97,h.all.v2023.2.Hs.symbols
CES1,h.all.v2023.2.Hs.symbols
DHRS1,h.all.v2023.2.Hs.symbols
PPARD,h.all.v2023.2.Hs.symbols
ABCC3,h.all.v2023.2.Hs.symbols
ATG10,h.all.v2023.2.Hs.symbols
ADGRL4,h.all.v2023.2.Hs.symbols
GPNMB,h.all.v2023.2.Hs.symbols
EPHB2,h.all.v2023.2.Hs.symbols
ADAMDEC1,h.all.v2023.2.Hs.symbols
HOXD11,h.all.v2023.2.Hs.symbols
LAT2,h.all.v2023.2.Hs.symbols
ZNF277,h.all.v2023.2.Hs.symbols
CDADC1,h.all.v2023.2.Hs.symbols
WDR33,h.all.v2023.2.Hs.symbols
TRIB2,h.all.v2023.2.Hs.symbols
ALDH1A2,h.all.v2023.2.Hs.symbols
TFPI,h.all.v2023.2.Hs.symbols
F13A1,h.all.v2023.2.Hs.symbols
PLEK2,h.all.v2023.2.Hs.symbols
MTMR10,h.all.v2023.2.Hs.symbols
RETN,h.all.v2023.2.Hs.symbols
SNAP25,h.all.v2023.2.Hs.symbols
USH1C,h.all.v2023.2.Hs.symbols
IL1RL2,h.all.v2023.2.Hs.symbols
PPBP,h.all.v2023.2.Hs.symbols
FLT4,h.all.v2023.2.Hs.symbols
CCSER2,h.all.v2023.2.Hs.symbols
SOX9,h.all.v2023.2.Hs.symbols
ZNF639,h.all.v2023.2.Hs.symbols
NAP1L2,h.all.v2023.2.Hs.symbols
EREG,h.all.v2023.2.Hs.symbols
BPGM,h.all.v2023.2.Hs.symbols
AKT2,h.all.v2023.2.Hs.symbols
HDAC9,h.all.v2023.2.Hs.symbols
WNT7A,h.all.v2023.2.Hs.symbols
CLEC4A,h.all.v2023.2.Hs.symbols
IL33,h.all.v2023.2.Hs.symbols
AVL9,h.all.v2023.2.Hs.symbols
FBXO4,h.all.v2023.2.Hs.symbols
GADD45G,h.all.v2023.2.Hs.symbols
PRDM1,h.all.v2023.2.Hs.symbols
RABGAP1L,h.all.v2023.2.Hs.symbols
TSPAN7,h.all.v2023.2.Hs.symbols
PIGR,h.all.v2023.2.Hs.symbols
ANKH,h.all.v2023.2.Hs.symbols
CD37,h.all.v2023.2.Hs.symbols
NRP1,h.all.v2023.2.Hs.symbols
CCND2,h.all.v2023.2.Hs.symbols
PSMB8,h.all.v2023.2.Hs.symbols
TMEM100,h.all.v2023.2.Hs.symbols
CAB39L,h.all.v2023.2.Hs.symbols
CTSS,h.all.v2023.2.Hs.symbols
EVI5,h.all.v2023.2.Hs.symbols
RGS16,h.all.v2023.2.Hs.symbols
PDCD1LG2,h.all.v2023.2.Hs.symbols
IKZF1,h.all.v2023.2.Hs.symbols
ST6GAL1,h.all.v2023.2.Hs.symbols
ANO1,h.all.v2023.2.Hs.symbols
MPZL2,h.all.v2023.2.Hs.symbols
LAPTM5,h.all.v2023.2.Hs.symbols
TSPAN1,h.all.v2023.2.Hs.symbols
HKDC1,h.all.v2023.2.Hs.symbols
MYCN,h.all.v2023.2.Hs.symbols
GUCY1A1,h.all.v2023.2.Hs.symbols
EPB41L3,h.all.v2023.2.Hs.symbols
TLR8,h.all.v2023.2.Hs.symbols
ETV1,h.all.v2023.2.Hs.symbols
GALNT3,h.all.v2023.2.Hs.symbols
GNG11,h.all.v2023.2.Hs.symbols
TOR1AIP2,h.all.v2023.2.Hs.symbols
MAP4K1,h.all.v2023.2.Hs.symbols
PTPRR,h.all.v2023.2.Hs.symbols
ALDH1A3,h.all.v2023.2.Hs.symbols
GYPC,h.all.v2023.2.Hs.symbols
SATB1,h.all.v2023.2.Hs.symbols
VWA5A,h.all.v2023.2.Hs.symbols
PTBP2,h.all.v2023.2.Hs.symbols
PRKG2,h.all.v2023.2.Hs.symbols
KIF5C,h.all.v2023.2.Hs.symbols
GABRA3,h.all.v2023.2.Hs.symbols
DNMBP,h.all.v2023.2.Hs.symbols
SPON1,h.all.v2023.2.Hs.symbols
PTCD2,h.all.v2023.2.Hs.symbols
SPARCL1,h.all.v2023.2.Hs.symbols
ENG,h.all.v2023.2.Hs.symbols
SDCCAG8,h.all.v2023.2.Hs.symbols
MMD,h.all.v2023.2.Hs.symbols
IL10RA,h.all.v2023.2.Hs.symbols
ADGRA2,h.all.v2023.2.Hs.symbols
TNNT2,h.all.v2023.2.Hs.symbols
H2BC3,h.all.v2023.2.Hs.symbols
TPH1,h.all.v2023.2.Hs.symbols
EMP1,h.all.v2023.2.Hs.symbols
FCER1G,h.all.v2023.2.Hs.symbols
SLPI,h.all.v2023.2.Hs.symbols
ITGB2,h.all.v2023.2.Hs.symbols
MALL,h.all.v2023.2.Hs.symbols
CSF2RA,h.all.v2023.2.Hs.symbols
LCP1,h.all.v2023.2.Hs.symbols
PEG3,h.all.v2023.2.Hs.symbols
FGF9,h.all.v2023.2.Hs.symbols
CBL,h.all.v2023.2.Hs.symbols
SPRY2,h.all.v2023.2.Hs.symbols
IGF2,h.all.v2023.2.Hs.symbols
LY96,h.all.v2023.2.Hs.symbols
ADAM17,h.all.v2023.2.Hs.symbols
TNFRSF1B,h.all.v2023.2.Hs.symbols
APOD,h.all.v2023.2.Hs.symbols
BTC,h.all.v2023.2.Hs.symbols
C3AR1,h.all.v2023.2.Hs.symbols
NGF,h.all.v2023.2.Hs.symbols
ITGBL1,h.all.v2023.2.Hs.symbols
CBX8,h.all.v2023.2.Hs.symbols
ETV4,h.all.v2023.2.Hs.symbols
CIDEA,h.all.v2023.2.Hs.symbols
AMMECR1,h.all.v2023.2.Hs.symbols
TMEM176A,h.all.v2023.2.Hs.symbols
IL2RG,h.all.v2023.2.Hs.symbols
RBM4,h.all.v2023.2.Hs.symbols
GPRC5B,h.all.v2023.2.Hs.symbols
CBR4,h.all.v2023.2.Hs.symbols
ETV5,h.all.v2023.2.Hs.symbols
USP12,h.all.v2023.2.Hs.symbols
STRN,h.all.v2023.2.Hs.symbols
PRELID3B,h.all.v2023.2.Hs.symbols
CMKLR1,h.all.v2023.2.Hs.symbols
RELN,h.all.v2023.2.Hs.symbols
BTBD3,h.all.v2023.2.Hs.symbols
ANXA10,h.all.v2023.2.Hs.symbols
TMEM158,h.all.v2023.2.Hs.symbols
KCNN4,h.all.v2023.2.Hs.symbols
CFHR2,h.all.v2023.2.Hs.symbols
DCBLD2,h.all.v2023.2.Hs.symbols
ADAM8,h.all.v2023.2.Hs.symbols
SCN1B,h.all.v2023.2.Hs.symbols
PLVAP,h.all.v2023.2.Hs.symbols
ABCB1,h.all.v2023.2.Hs.symbols
DECR1,h.all.v2023.2.Hs.symbols
UBQLN1,h.all.v2023.2.Hs.symbols
UQCRQ,h.all.v2023.2.Hs.symbols
LPL,h.all.v2023.2.Hs.symbols
RIOK3,h.all.v2023.2.Hs.symbols
PTCD3,h.all.v2023.2.Hs.symbols
MRPL15,h.all.v2023.2.Hs.symbols
ME1,h.all.v2023.2.Hs.symbols
BAZ2A,h.all.v2023.2.Hs.symbols
SORBS1,h.all.v2023.2.Hs.symbols
ATL2,h.all.v2023.2.Hs.symbols
CHUK,h.all.v2023.2.Hs.symbols
RTN3,h.all.v2023.2.Hs.symbols
LAMA4,h.all.v2023.2.Hs.symbols
SDHC,h.all.v2023.2.Hs.symbols
DRAM2,h.all.v2023.2.Hs.symbols
GPX3,h.all.v2023.2.Hs.symbols
ELOVL6,h.all.v2023.2.Hs.symbols
ACADS,h.all.v2023.2.Hs.symbols
DBT,h.all.v2023.2.Hs.symbols
DGAT1,h.all.v2023.2.Hs.symbols
G3BP2,h.all.v2023.2.Hs.symbols
ATP5PO,h.all.v2023.2.Hs.symbols
QDPR,h.all.v2023.2.Hs.symbols
GHITM,h.all.v2023.2.Hs.symbols
UBC,h.all.v2023.2.Hs.symbols
COX7B,h.all.v2023.2.Hs.symbols
SLC25A10,h.all.v2023.2.Hs.symbols
NDUFAB1,h.all.v2023.2.Hs.symbols
IFNGR1,h.all.v2023.2.Hs.symbols
COQ9,h.all.v2023.2.Hs.symbols
DLAT,h.all.v2023.2.Hs.symbols
ACADM,h.all.v2023.2.Hs.symbols
ADIPOQ,h.all.v2023.2.Hs.symbols
DHRS7B,h.all.v2023.2.Hs.symbols
CRAT,h.all.v2023.2.Hs.symbols
PIM3,h.all.v2023.2.Hs.symbols
NABP1,h.all.v2023.2.Hs.symbols
PREB,h.all.v2023.2.Hs.symbols
PPARG,h.all.v2023.2.Hs.symbols
COL15A1,h.all.v2023.2.Hs.symbols
APLP2,h.all.v2023.2.Hs.symbols
ATP1B3,h.all.v2023.2.Hs.symbols
FZD4,h.all.v2023.2.Hs.symbols
ENPP2,h.all.v2023.2.Hs.symbols
RMDN3,h.all.v2023.2.Hs.symbols
BCL2L13,h.all.v2023.2.Hs.symbols
ITGA7,h.all.v2023.2.Hs.symbols
PPM1B,h.all.v2023.2.Hs.symbols
MAP4K3,h.all.v2023.2.Hs.symbols
SAMM50,h.all.v2023.2.Hs.symbols
HADH,h.all.v2023.2.Hs.symbols
LIFR,h.all.v2023.2.Hs.symbols
RAB34,h.all.v2023.2.Hs.symbols
UQCRC1,h.all.v2023.2.Hs.symbols
ADCY6,h.all.v2023.2.Hs.symbols
BCKDHA,h.all.v2023.2.Hs.symbols
CD302,h.all.v2023.2.Hs.symbols
CMBL,h.all.v2023.2.Hs.symbols
COX8A,h.all.v2023.2.Hs.symbols
CYC1,h.all.v2023.2.Hs.symbols
IMMT,h.all.v2023.2.Hs.symbols
ITIH5,h.all.v2023.2.Hs.symbols
CAVIN2,h.all.v2023.2.Hs.symbols
LTC4S,h.all.v2023.2.Hs.symbols
GPHN,h.all.v2023.2.Hs.symbols
ORM1,h.all.v2023.2.Hs.symbols
SNCG,h.all.v2023.2.Hs.symbols
ACLY,h.all.v2023.2.Hs.symbols
UCP2,h.all.v2023.2.Hs.symbols
OMD,h.all.v2023.2.Hs.symbols
UQCR10,h.all.v2023.2.Hs.symbols
SLC66A3,h.all.v2023.2.Hs.symbols
JAGN1,h.all.v2023.2.Hs.symbols
GPAM,h.all.v2023.2.Hs.symbols
SQOR,h.all.v2023.2.Hs.symbols
DLD,h.all.v2023.2.Hs.symbols
SULT1A1,h.all.v2023.2.Hs.symbols
YWHAG,h.all.v2023.2.Hs.symbols
UQCR11,h.all.v2023.2.Hs.symbols
MTARC2,h.all.v2023.2.Hs.symbols
COQ5,h.all.v2023.2.Hs.symbols
UCK1,h.all.v2023.2.Hs.symbols
MGST3,h.all.v2023.2.Hs.symbols
NDUFB7,h.all.v2023.2.Hs.symbols
MRAP,h.all.v2023.2.Hs.symbols
SLC19A1,h.all.v2023.2.Hs.symbols
RNF11,h.all.v2023.2.Hs.symbols
SUCLG1,h.all.v2023.2.Hs.symbols
GPX4,h.all.v2023.2.Hs.symbols
NKIRAS1,h.all.v2023.2.Hs.symbols
MGLL,h.all.v2023.2.Hs.symbols
CD151,h.all.v2023.2.Hs.symbols
LEP,h.all.v2023.2.Hs.symbols
ABCB8,h.all.v2023.2.Hs.symbols
DNAJC15,h.all.v2023.2.Hs.symbols
GPAT4,h.all.v2023.2.Hs.symbols
SLC27A1,h.all.v2023.2.Hs.symbols
MDH2,h.all.v2023.2.Hs.symbols
CPT2,h.all.v2023.2.Hs.symbols
CYP4B1,h.all.v2023.2.Hs.symbols
ECHS1,h.all.v2023.2.Hs.symbols
COX6A1,h.all.v2023.2.Hs.symbols
DNAJB9,h.all.v2023.2.Hs.symbols
ELMOD3,h.all.v2023.2.Hs.symbols
PHLDB1,h.all.v2023.2.Hs.symbols
VEGFB,h.all.v2023.2.Hs.symbols
ADIPOR2,h.all.v2023.2.Hs.symbols
STOM,h.all.v2023.2.Hs.symbols
MCCC1,h.all.v2023.2.Hs.symbols
ANGPT1,h.all.v2023.2.Hs.symbols
ESYT1,h.all.v2023.2.Hs.symbols
MTCH2,h.all.v2023.2.Hs.symbols
AGPAT3,h.all.v2023.2.Hs.symbols
HIBCH,h.all.v2023.2.Hs.symbols
CMPK1,h.all.v2023.2.Hs.symbols
GRPEL1,h.all.v2023.2.Hs.symbols
ACAA2,h.all.v2023.2.Hs.symbols
PEX14,h.all.v2023.2.Hs.symbols
SDHB,h.all.v2023.2.Hs.symbols
SOWAHC,h.all.v2023.2.Hs.symbols
GPD2,h.all.v2023.2.Hs.symbols
CS,h.all.v2023.2.Hs.symbols
FABP4,h.all.v2023.2.Hs.symbols
ADIG,h.all.v2023.2.Hs.symbols
AIFM1,h.all.v2023.2.Hs.symbols
REEP5,h.all.v2023.2.Hs.symbols
ARAF,h.all.v2023.2.Hs.symbols
SSPN,h.all.v2023.2.Hs.symbols
COQ3,h.all.v2023.2.Hs.symbols
CHCHD10,h.all.v2023.2.Hs.symbols
REEP6,h.all.v2023.2.Hs.symbols
PPP1R15B,h.all.v2023.2.Hs.symbols
NDUFS3,h.all.v2023.2.Hs.symbols
SLC5A6,h.all.v2023.2.Hs.symbols
ESRRA,h.all.v2023.2.Hs.symbols
ACADL,h.all.v2023.2.Hs.symbols
TKT,h.all.v2023.2.Hs.symbols
IDH3G,h.all.v2023.2.Hs.symbols
PRDX3,h.all.v2023.2.Hs.symbols
MIGA2,h.all.v2023.2.Hs.symbols
RREB1,h.all.v2023.2.Hs.symbols
LPCAT3,h.all.v2023.2.Hs.symbols
NDUFA5,h.all.v2023.2.Hs.symbols
IDH3A,h.all.v2023.2.Hs.symbols
ACAA1,h.all.v2023.2.Hs.symbols
GLS,h.all.v2023.2.Hs.symbols
AP2S1,h.all.v2023.2.Hs.symbols
TARS1,h.all.v2023.2.Hs.symbols
SLC25A4,h.all.v2023.2.Hs.symbols
APOM,h.all.v2023.2.Hs.symbols
LYN,h.all.v2023.2.Hs.symbols
PPT1,h.all.v2023.2.Hs.symbols
PSMC3,h.all.v2023.2.Hs.symbols
BID,h.all.v2023.2.Hs.symbols
AQP3,h.all.v2023.2.Hs.symbols
TACR3,h.all.v2023.2.Hs.symbols
EIF2S3,h.all.v2023.2.Hs.symbols
NPTXR,h.all.v2023.2.Hs.symbols
STARD3,h.all.v2023.2.Hs.symbols
FGF18,h.all.v2023.2.Hs.symbols
ONECUT1,h.all.v2023.2.Hs.symbols
TYRO3,h.all.v2023.2.Hs.symbols
CHRNA5,h.all.v2023.2.Hs.symbols
RASGRP1,h.all.v2023.2.Hs.symbols
PDAP1,h.all.v2023.2.Hs.symbols
RRAD,h.all.v2023.2.Hs.symbols
CEBPG,h.all.v2023.2.Hs.symbols
ATP6V1C1,h.all.v2023.2.Hs.symbols
DDX21,h.all.v2023.2.Hs.symbols
RAB27A,h.all.v2023.2.Hs.symbols
SELENOW,h.all.v2023.2.Hs.symbols
PRKACA,h.all.v2023.2.Hs.symbols
WIZ,h.all.v2023.2.Hs.symbols
CDC34,h.all.v2023.2.Hs.symbols
CYB5R1,h.all.v2023.2.Hs.symbols
PLCL1,h.all.v2023.2.Hs.symbols
POLR2H,h.all.v2023.2.Hs.symbols
KCNH2,h.all.v2023.2.Hs.symbols
STIP1,h.all.v2023.2.Hs.symbols
FEN1,h.all.v2023.2.Hs.symbols
PPAT,h.all.v2023.2.Hs.symbols
CCK,h.all.v2023.2.Hs.symbols
SPR,h.all.v2023.2.Hs.symbols
GGH,h.all.v2023.2.Hs.symbols
CCND3,h.all.v2023.2.Hs.symbols
STK25,h.all.v2023.2.Hs.symbols
POLG2,h.all.v2023.2.Hs.symbols
EIF5,h.all.v2023.2.Hs.symbols
PTPRD,h.all.v2023.2.Hs.symbols
RPN1,h.all.v2023.2.Hs.symbols
TCHH,h.all.v2023.2.Hs.symbols
CDC5L,h.all.v2023.2.Hs.symbols
BAK1,h.all.v2023.2.Hs.symbols
PRKCD,h.all.v2023.2.Hs.symbols
TGFBRAP1,h.all.v2023.2.Hs.symbols
CYB5B,h.all.v2023.2.Hs.symbols
EPCAM,h.all.v2023.2.Hs.symbols
PPP1R2,h.all.v2023.2.Hs.symbols
RXRB,h.all.v2023.2.Hs.symbols
UROD,h.all.v2023.2.Hs.symbols
KLHDC3,h.all.v2023.2.Hs.symbols
NXF1,h.all.v2023.2.Hs.symbols
NTRK3,h.all.v2023.2.Hs.symbols
DNAJA1,h.all.v2023.2.Hs.symbols
CNP,h.all.v2023.2.Hs.symbols
LHX2,h.all.v2023.2.Hs.symbols
CREG1,h.all.v2023.2.Hs.symbols
ARRB2,h.all.v2023.2.Hs.symbols
CDK2,h.all.v2023.2.Hs.symbols
NAT1,h.all.v2023.2.Hs.symbols
E2F5,h.all.v2023.2.Hs.symbols
NPTX2,h.all.v2023.2.Hs.symbols
CHKA,h.all.v2023.2.Hs.symbols
DLG4,h.all.v2023.2.Hs.symbols
HSPA13,h.all.v2023.2.Hs.symbols
C4BPB,h.all.v2023.2.Hs.symbols
AGO2,h.all.v2023.2.Hs.symbols
MARK2,h.all.v2023.2.Hs.symbols
CASP3,h.all.v2023.2.Hs.symbols
PRPF3,h.all.v2023.2.Hs.symbols
MAPK8IP2,h.all.v2023.2.Hs.symbols
POLE3,h.all.v2023.2.Hs.symbols
HLA-F,h.all.v2023.2.Hs.symbols
HYAL2,h.all.v2023.2.Hs.symbols
NUP58,h.all.v2023.2.Hs.symbols
CDKN2B,h.all.v2023.2.Hs.symbols
SIGMAR1,h.all.v2023.2.Hs.symbols
MRPL23,h.all.v2023.2.Hs.symbols
NKX2-5,h.all.v2023.2.Hs.symbols
MGAT1,h.all.v2023.2.Hs.symbols
ASNS,h.all.v2023.2.Hs.symbols
YKT6,h.all.v2023.2.Hs.symbols
BSG,h.all.v2023.2.Hs.symbols
CLTB,h.all.v2023.2.Hs.symbols
HTR7,h.all.v2023.2.Hs.symbols
CLCN2,h.all.v2023.2.Hs.symbols
ATP6V1F,h.all.v2023.2.Hs.symbols
GRINA,h.all.v2023.2.Hs.symbols
DNAJB1,h.all.v2023.2.Hs.symbols
AVPR1A,h.all.v2023.2.Hs.symbols
EBP,h.all.v2023.2.Hs.symbols
PTK2,h.all.v2023.2.Hs.symbols
CTH,h.all.v2023.2.Hs.symbols
PRF1,h.all.v2023.2.Hs.symbols
VDAC2,h.all.v2023.2.Hs.symbols
GPX1,h.all.v2023.2.Hs.symbols
CASP2,h.all.v2023.2.Hs.symbols
DNM1L,h.all.v2023.2.Hs.symbols
DAP3,h.all.v2023.2.Hs.symbols
RNASEL,h.all.v2023.2.Hs.symbols
BMF,h.all.v2023.2.Hs.symbols
GUCY2D,h.all.v2023.2.Hs.symbols
IGFBP6,h.all.v2023.2.Hs.symbols
SC5D,h.all.v2023.2.Hs.symbols
BIK,h.all.v2023.2.Hs.symbols
CASP1,h.all.v2023.2.Hs.symbols
F2R,h.all.v2023.2.Hs.symbols
PEA15,h.all.v2023.2.Hs.symbols
MGMT,h.all.v2023.2.Hs.symbols
LEF1,h.all.v2023.2.Hs.symbols
FEZ1,h.all.v2023.2.Hs.symbols
CD2,h.all.v2023.2.Hs.symbols
PLPPR4,h.all.v2023.2.Hs.symbols
CREBBP,h.all.v2023.2.Hs.symbols
CASP8,h.all.v2023.2.Hs.symbols
PPP3R1,h.all.v2023.2.Hs.symbols
PMAIP1,h.all.v2023.2.Hs.symbols
CD14,h.all.v2023.2.Hs.symbols
TNFSF10,h.all.v2023.2.Hs.symbols
CASP7,h.all.v2023.2.Hs.symbols
PSEN2,h.all.v2023.2.Hs.symbols
FASLG,h.all.v2023.2.Hs.symbols
IGF2R,h.all.v2023.2.Hs.symbols
BCL2L2,h.all.v2023.2.Hs.symbols
APP,h.all.v2023.2.Hs.symbols
IFITM3,h.all.v2023.2.Hs.symbols
MADD,h.all.v2023.2.Hs.symbols
SLC20A1,h.all.v2023.2.Hs.symbols
KRT18,h.all.v2023.2.Hs.symbols
PPP2R5B,h.all.v2023.2.Hs.symbols
RARA,h.all.v2023.2.Hs.symbols
BCL10,h.all.v2023.2.Hs.symbols
DIABLO,h.all.v2023.2.Hs.symbols
HSPB1,h.all.v2023.2.Hs.symbols
ERBB3,h.all.v2023.2.Hs.symbols
ETF1,h.all.v2023.2.Hs.symbols
GSTM1,h.all.v2023.2.Hs.symbols
LMNA,h.all.v2023.2.Hs.symbols
PAK1,h.all.v2023.2.Hs.symbols
IFNB1,h.all.v2023.2.Hs.symbols
GNA15,h.all.v2023.2.Hs.symbols
BCAP31,h.all.v2023.2.Hs.symbols
ERBB2,h.all.v2023.2.Hs.symbols
BCL2L1,h.all.v2023.2.Hs.symbols
AIFM3,h.all.v2023.2.Hs.symbols
CASP4,h.all.v2023.2.Hs.symbols
PSEN1,h.all.v2023.2.Hs.symbols
BCL2L10,h.all.v2023.2.Hs.symbols
DAP,h.all.v2023.2.Hs.symbols
DFFA,h.all.v2023.2.Hs.symbols
SMAD7,h.all.v2023.2.Hs.symbols
TXNIP,h.all.v2023.2.Hs.symbols
HGF,h.all.v2023.2.Hs.symbols
CYLD,h.all.v2023.2.Hs.symbols
XIAP,h.all.v2023.2.Hs.symbols
TSPO,h.all.v2023.2.Hs.symbols
DNAJC3,h.all.v2023.2.Hs.symbols
CTNNB1,h.all.v2023.2.Hs.symbols
ADD1,h.all.v2023.2.Hs.symbols
TIMP2,h.all.v2023.2.Hs.symbols
H1-0,h.all.v2023.2.Hs.symbols
LGALS3,h.all.v2023.2.Hs.symbols
DPYD,h.all.v2023.2.Hs.symbols
CD38,h.all.v2023.2.Hs.symbols
BAX,h.all.v2023.2.Hs.symbols
PLCB2,h.all.v2023.2.Hs.symbols
SKAP2,h.all.v2023.2.Hs.symbols
NEXN,h.all.v2023.2.Hs.symbols
SYMPK,h.all.v2023.2.Hs.symbols
ACTN3,h.all.v2023.2.Hs.symbols
MVD,h.all.v2023.2.Hs.symbols
NRTN,h.all.v2023.2.Hs.symbols
CLDN7,h.all.v2023.2.Hs.symbols
ARPC2,h.all.v2023.2.Hs.symbols
NEGR1,h.all.v2023.2.Hs.symbols
ZYX,h.all.v2023.2.Hs.symbols
PIK3CB,h.all.v2023.2.Hs.symbols
THBS3,h.all.v2023.2.Hs.symbols
KRT31,h.all.v2023.2.Hs.symbols
LIMA1,h.all.v2023.2.Hs.symbols
ALOX15B,h.all.v2023.2.Hs.symbols
CD209,h.all.v2023.2.Hs.symbols
NLGN3,h.all.v2023.2.Hs.symbols
PCDH1,h.all.v2023.2.Hs.symbols
CLDN5,h.all.v2023.2.Hs.symbols
ACTA1,h.all.v2023.2.Hs.symbols
GNAI2,h.all.v2023.2.Hs.symbols
CAP1,h.all.v2023.2.Hs.symbols
CLDN11,h.all.v2023.2.Hs.symbols
PARD6G,h.all.v2023.2.Hs.symbols
SHC1,h.all.v2023.2.Hs.symbols
EVL,h.all.v2023.2.Hs.symbols
CLDN4,h.all.v2023.2.Hs.symbols
COL9A1,h.all.v2023.2.Hs.symbols
WNK4,h.all.v2023.2.Hs.symbols
MADCAM1,h.all.v2023.2.Hs.symbols
ITGA9,h.all.v2023.2.Hs.symbols
LAYN,h.all.v2023.2.Hs.symbols
CX3CL1,h.all.v2023.2.Hs.symbols
MYL12B,h.all.v2023.2.Hs.symbols
NFASC,h.all.v2023.2.Hs.symbols
CLDN19,h.all.v2023.2.Hs.symbols
CTNND1,h.all.v2023.2.Hs.symbols
ACTB,h.all.v2023.2.Hs.symbols
CDH8,h.all.v2023.2.Hs.symbols
PPP2R2C,h.all.v2023.2.Hs.symbols
TJP1,h.all.v2023.2.Hs.symbols
CLDN15,h.all.v2023.2.Hs.symbols
DSC3,h.all.v2023.2.Hs.symbols
EXOC4,h.all.v2023.2.Hs.symbols
INPPL1,h.all.v2023.2.Hs.symbols
PIK3R3,h.all.v2023.2.Hs.symbols
CD274,h.all.v2023.2.Hs.symbols
TSPAN4,h.all.v2023.2.Hs.symbols
GRB7,h.all.v2023.2.Hs.symbols
MSN,h.all.v2023.2.Hs.symbols
CALB2,h.all.v2023.2.Hs.symbols
ACTG2,h.all.v2023.2.Hs.symbols
DSC1,h.all.v2023.2.Hs.symbols
PARVA,h.all.v2023.2.Hs.symbols
CADM2,h.all.v2023.2.Hs.symbols
RRAS,h.all.v2023.2.Hs.symbols
SRC,h.all.v2023.2.Hs.symbols
PBX2,h.all.v2023.2.Hs.symbols
AMH,h.all.v2023.2.Hs.symbols
HRAS,h.all.v2023.2.Hs.symbols
GNAI1,h.all.v2023.2.Hs.symbols
CDH3,h.all.v2023.2.Hs.symbols
ACTG1,h.all.v2023.2.Hs.symbols
NECTIN1,h.all.v2023.2.Hs.symbols
PTPRC,h.all.v2023.2.Hs.symbols
NECTIN2,h.all.v2023.2.Hs.symbols
YWHAH,h.all.v2023.2.Hs.symbols
CRB3,h.all.v2023.2.Hs.symbols
ACTN1,h.all.v2023.2.Hs.symbols
CDK8,h.all.v2023.2.Hs.symbols
CLDN9,h.all.v2023.2.Hs.symbols
SGCE,h.all.v2023.2.Hs.symbols
IKBKG,h.all.v2023.2.Hs.symbols
NECTIN3,h.all.v2023.2.Hs.symbols
RAC2,h.all.v2023.2.Hs.symbols
SPEG,h.all.v2023.2.Hs.symbols
CD86,h.all.v2023.2.Hs.symbols
AMIGO2,h.all.v2023.2.Hs.symbols
ADAM15,h.all.v2023.2.Hs.symbols
CADM3,h.all.v2023.2.Hs.symbols
CDH4,h.all.v2023.2.Hs.symbols
ICAM5,h.all.v2023.2.Hs.symbols
PALS1,h.all.v2023.2.Hs.symbols
ITGA10,h.all.v2023.2.Hs.symbols
ITGB4,h.all.v2023.2.Hs.symbols
GTF2F1,h.all.v2023.2.Hs.symbols
IRS1,h.all.v2023.2.Hs.symbols
MAPK11,h.all.v2023.2.Hs.symbols
ARHGEF6,h.all.v2023.2.Hs.symbols
COL17A1,h.all.v2023.2.Hs.symbols
FLNC,h.all.v2023.2.Hs.symbols
NRAP,h.all.v2023.2.Hs.symbols
CD99,h.all.v2023.2.Hs.symbols
CDSN,h.all.v2023.2.Hs.symbols
ICAM2,h.all.v2023.2.Hs.symbols
ITGA3,h.all.v2023.2.Hs.symbols
NHERF4,h.all.v2023.2.Hs.symbols
TMEM8B,h.all.v2023.2.Hs.symbols
ADAM23,h.all.v2023.2.Hs.symbols
MPZL1,h.all.v2023.2.Hs.symbols
CDH15,h.all.v2023.2.Hs.symbols
ADAMTS5,h.all.v2023.2.Hs.symbols
PKD1,h.all.v2023.2.Hs.symbols
SYK,h.all.v2023.2.Hs.symbols
FYB1,h.all.v2023.2.Hs.symbols
VAV2,h.all.v2023.2.Hs.symbols
DMP1,h.all.v2023.2.Hs.symbols
MAP4K2,h.all.v2023.2.Hs.symbols
RSU1,h.all.v2023.2.Hs.symbols
CLDN18,h.all.v2023.2.Hs.symbols
INSIG1,h.all.v2023.2.Hs.symbols
SORBS3,h.all.v2023.2.Hs.symbols
NECTIN4,h.all.v2023.2.Hs.symbols
NLGN2,h.all.v2023.2.Hs.symbols
AMIGO1,h.all.v2023.2.Hs.symbols
ADRA1B,h.all.v2023.2.Hs.symbols
CNTN1,h.all.v2023.2.Hs.symbols
PTEN,h.all.v2023.2.Hs.symbols
CD34,h.all.v2023.2.Hs.symbols
STX4,h.all.v2023.2.Hs.symbols
CD276,h.all.v2023.2.Hs.symbols
PFN1,h.all.v2023.2.Hs.symbols
CERCAM,h.all.v2023.2.Hs.symbols
ICAM4,h.all.v2023.2.Hs.symbols
CTNNA1,h.all.v2023.2.Hs.symbols
ATP1A3,h.all.v2023.2.Hs.symbols
TRO,h.all.v2023.2.Hs.symbols
CLDN6,h.all.v2023.2.Hs.symbols
SIRPA,h.all.v2023.2.Hs.symbols
BAIAP2,h.all.v2023.2.Hs.symbols
PLCG1,h.all.v2023.2.Hs.symbols
DHX16,h.all.v2023.2.Hs.symbols
CLDN14,h.all.v2023.2.Hs.symbols
TIAL1,h.all.v2023.2.Hs.symbols
ACTN2,h.all.v2023.2.Hs.symbols
NRXN2,h.all.v2023.2.Hs.symbols
CNN2,h.all.v2023.2.Hs.symbols
VASP,h.all.v2023.2.Hs.symbols
LDLRAP1,h.all.v2023.2.Hs.symbols
D2HGDH,h.all.v2023.2.Hs.symbols
PTPRG,h.all.v2023.2.Hs.symbols
CBR3,h.all.v2023.2.Hs.symbols
AADAT,h.all.v2023.2.Hs.symbols
MCEE,h.all.v2023.2.Hs.symbols
SUCLA2,h.all.v2023.2.Hs.symbols
RDH16,h.all.v2023.2.Hs.symbols
ACADVL,h.all.v2023.2.Hs.symbols
PDHB,h.all.v2023.2.Hs.symbols
HMGCL,h.all.v2023.2.Hs.symbols
HMGCS1,h.all.v2023.2.Hs.symbols
FASN,h.all.v2023.2.Hs.symbols
ACSM3,h.all.v2023.2.Hs.symbols
CA6,h.all.v2023.2.Hs.symbols
PRDX6,h.all.v2023.2.Hs.symbols
NSDHL,h.all.v2023.2.Hs.symbols
HADHB,h.all.v2023.2.Hs.symbols
OSTC,h.all.v2023.2.Hs.symbols
ACSS1,h.all.v2023.2.Hs.symbols
BCKDHB,h.all.v2023.2.Hs.symbols
HPGD,h.all.v2023.2.Hs.symbols
ADSL,h.all.v2023.2.Hs.symbols
ECI2,h.all.v2023.2.Hs.symbols
FH,h.all.v2023.2.Hs.symbols
RAP1GDS1,h.all.v2023.2.Hs.symbols
GLUL,h.all.v2023.2.Hs.symbols
SERINC1,h.all.v2023.2.Hs.symbols
HSP90AA1,h.all.v2023.2.Hs.symbols
CYP4A11,h.all.v2023.2.Hs.symbols
ERP29,h.all.v2023.2.Hs.symbols
ACOT8,h.all.v2023.2.Hs.symbols
ALAD,h.all.v2023.2.Hs.symbols
S100A10,h.all.v2023.2.Hs.symbols
PCBD1,h.all.v2023.2.Hs.symbols
AQP7,h.all.v2023.2.Hs.symbols
ACOT2,h.all.v2023.2.Hs.symbols
HAO2,h.all.v2023.2.Hs.symbols
GCDH,h.all.v2023.2.Hs.symbols
HCCS,h.all.v2023.2.Hs.symbols
HSD17B7,h.all.v2023.2.Hs.symbols
FABP2,h.all.v2023.2.Hs.symbols
INMT,h.all.v2023.2.Hs.symbols
HSD17B10,h.all.v2023.2.Hs.symbols
CEL,h.all.v2023.2.Hs.symbols
PSME1,h.all.v2023.2.Hs.symbols
SMS,h.all.v2023.2.Hs.symbols
HSPH1,h.all.v2023.2.Hs.symbols
IL4I1,h.all.v2023.2.Hs.symbols
GAD2,h.all.v2023.2.Hs.symbols
GSTZ1,h.all.v2023.2.Hs.symbols
CPOX,h.all.v2023.2.Hs.symbols
CPT1A,h.all.v2023.2.Hs.symbols
SDHA,h.all.v2023.2.Hs.symbols
BLVRA,h.all.v2023.2.Hs.symbols
PDHA1,h.all.v2023.2.Hs.symbols
ACSL4,h.all.v2023.2.Hs.symbols
CRYZ,h.all.v2023.2.Hs.symbols
HSDL2,h.all.v2023.2.Hs.symbols
CYP4A22,h.all.v2023.2.Hs.symbols
NCAPH2,h.all.v2023.2.Hs.symbols
DLST,h.all.v2023.2.Hs.symbols
EHHADH,h.all.v2023.2.Hs.symbols
ACAT2,h.all.v2023.2.Hs.symbols
ECI1,h.all.v2023.2.Hs.symbols
PPARA,h.all.v2023.2.Hs.symbols
SUCLG2,h.all.v2023.2.Hs.symbols
MIX23,h.all.v2023.2.Hs.symbols
RDH11,h.all.v2023.2.Hs.symbols
NTHL1,h.all.v2023.2.Hs.symbols
AUH,h.all.v2023.2.Hs.symbols
AOC3,h.all.v2023.2.Hs.symbols
APEX1,h.all.v2023.2.Hs.symbols
CA4,h.all.v2023.2.Hs.symbols
SDHD,h.all.v2023.2.Hs.symbols
UBE2L6,h.all.v2023.2.Hs.symbols
IDH3B,h.all.v2023.2.Hs.symbols
CD1D,h.all.v2023.2.Hs.symbols
GPD1,h.all.v2023.2.Hs.symbols
MDH1,h.all.v2023.2.Hs.symbols
TP53INP2,h.all.v2023.2.Hs.symbols
XIST,h.all.v2023.2.Hs.symbols
UROS,h.all.v2023.2.Hs.symbols
METAP1,h.all.v2023.2.Hs.symbols
HDAC5,h.all.v2023.2.Hs.symbols
NAV2,h.all.v2023.2.Hs.symbols
MYL1,h.all.v2023.2.Hs.symbols
MYO1C,h.all.v2023.2.Hs.symbols
SH2B1,h.all.v2023.2.Hs.symbols
CNN3,h.all.v2023.2.Hs.symbols
MYH8,h.all.v2023.2.Hs.symbols
IGFBP7,h.all.v2023.2.Hs.symbols
RB1,h.all.v2023.2.Hs.symbols
SGCA,h.all.v2023.2.Hs.symbols
PLXNB2,h.all.v2023.2.Hs.symbols
TNNI1,h.all.v2023.2.Hs.symbols
TCAP,h.all.v2023.2.Hs.symbols
ACHE,h.all.v2023.2.Hs.symbols
MYH2,h.all.v2023.2.Hs.symbols
CAMK2B,h.all.v2023.2.Hs.symbols
PRNP,h.all.v2023.2.Hs.symbols
SPDEF,h.all.v2023.2.Hs.symbols
CHRNA1,h.all.v2023.2.Hs.symbols
DMPK,h.all.v2023.2.Hs.symbols
CRYAB,h.all.v2023.2.Hs.symbols
CASQ1,h.all.v2023.2.Hs.symbols
DAPK2,h.all.v2023.2.Hs.symbols
MYL4,h.all.v2023.2.Hs.symbols
KLF5,h.all.v2023.2.Hs.symbols
MYH3,h.all.v2023.2.Hs.symbols
TNNT1,h.all.v2023.2.Hs.symbols
ATP2A1,h.all.v2023.2.Hs.symbols
FKBP1B,h.all.v2023.2.Hs.symbols
TEAD4,h.all.v2023.2.Hs.symbols
MEF2C,h.all.v2023.2.Hs.symbols
MRAS,h.all.v2023.2.Hs.symbols
AGRN,h.all.v2023.2.Hs.symbols
MEF2D,h.all.v2023.2.Hs.symbols
TNNC2,h.all.v2023.2.Hs.symbols
MYL7,h.all.v2023.2.Hs.symbols
EIF4A2,h.all.v2023.2.Hs.symbols
COX6A2,h.all.v2023.2.Hs.symbols
ABLIM1,h.all.v2023.2.Hs.symbols
ATP6AP1,h.all.v2023.2.Hs.symbols
IFRD1,h.all.v2023.2.Hs.symbols
LSP1,h.all.v2023.2.Hs.symbols
PVALB,h.all.v2023.2.Hs.symbols
SOD3,h.all.v2023.2.Hs.symbols
PTGIS,h.all.v2023.2.Hs.symbols
MYOZ1,h.all.v2023.2.Hs.symbols
DES,h.all.v2023.2.Hs.symbols
MYF6,h.all.v2023.2.Hs.symbols
FHL1,h.all.v2023.2.Hs.symbols
MYH1,h.all.v2023.2.Hs.symbols
VIPR1,h.all.v2023.2.Hs.symbols
BDKRB2,h.all.v2023.2.Hs.symbols
CHRNB1,h.all.v2023.2.Hs.symbols
KCNH1,h.all.v2023.2.Hs.symbols
LDB3,h.all.v2023.2.Hs.symbols
MAPK12,h.all.v2023.2.Hs.symbols
SCHIP1,h.all.v2023.2.Hs.symbols
CSRP3,h.all.v2023.2.Hs.symbols
CTF1,h.all.v2023.2.Hs.symbols
GJA5,h.all.v2023.2.Hs.symbols
MEF2A,h.all.v2023.2.Hs.symbols
CASQ2,h.all.v2023.2.Hs.symbols
MYL11,h.all.v2023.2.Hs.symbols
AGL,h.all.v2023.2.Hs.symbols
MYOM1,h.all.v2023.2.Hs.symbols
NOTCH1,h.all.v2023.2.Hs.symbols
PDE4DIP,h.all.v2023.2.Hs.symbols
APLNR,h.all.v2023.2.Hs.symbols
MYH11,h.all.v2023.2.Hs.symbols
TSC2,h.all.v2023.2.Hs.symbols
MYBPH,h.all.v2023.2.Hs.symbols
AK1,h.all.v2023.2.Hs.symbols
AEBP1,h.all.v2023.2.Hs.symbols
CACNA1H,h.all.v2023.2.Hs.symbols
FOXO4,h.all.v2023.2.Hs.symbols
RIT1,h.all.v2023.2.Hs.symbols
KIFC3,h.all.v2023.2.Hs.symbols
FDPS,h.all.v2023.2.Hs.symbols
NCAM1,h.all.v2023.2.Hs.symbols
MYBPC3,h.all.v2023.2.Hs.symbols
FLII,h.all.v2023.2.Hs.symbols
GNAO1,h.all.v2023.2.Hs.symbols
TNNI2,h.all.v2023.2.Hs.symbols
SMTN,h.all.v2023.2.Hs.symbols
MYL2,h.all.v2023.2.Hs.symbols
FST,h.all.v2023.2.Hs.symbols
CKMT2,h.all.v2023.2.Hs.symbols
SVIL,h.all.v2023.2.Hs.symbols
MAPRE3,h.all.v2023.2.Hs.symbols
TNNT3,h.all.v2023.2.Hs.symbols
PICK1,h.all.v2023.2.Hs.symbols
OCEL1,h.all.v2023.2.Hs.symbols
PTP4A3,h.all.v2023.2.Hs.symbols
MB,h.all.v2023.2.Hs.symbols
SCD,h.all.v2023.2.Hs.symbols
SH3BGR,h.all.v2023.2.Hs.symbols
ANKRD2,h.all.v2023.2.Hs.symbols
CDH13,h.all.v2023.2.Hs.symbols
COX7A1,h.all.v2023.2.Hs.symbols
ADCY9,h.all.v2023.2.Hs.symbols
HRC,h.all.v2023.2.Hs.symbols
REEP1,h.all.v2023.2.Hs.symbols
TPM3,h.all.v2023.2.Hs.symbols
MYOM2,h.all.v2023.2.Hs.symbols
MYOG,h.all.v2023.2.Hs.symbols
CAV3,h.all.v2023.2.Hs.symbols
GABARAPL2,h.all.v2023.2.Hs.symbols
HSPB2,h.all.v2023.2.Hs.symbols
EPHB3,h.all.v2023.2.Hs.symbols
FXYD1,h.all.v2023.2.Hs.symbols
SLN,h.all.v2023.2.Hs.symbols
PDLIM7,h.all.v2023.2.Hs.symbols
MYH4,h.all.v2023.2.Hs.symbols
MYL6B,h.all.v2023.2.Hs.symbols
MYL3,h.all.v2023.2.Hs.symbols
SYNGR2,h.all.v2023.2.Hs.symbols
FABP3,h.all.v2023.2.Hs.symbols
DENND2B,h.all.v2023.2.Hs.symbols
EFS,h.all.v2023.2.Hs.symbols
WWTR1,h.all.v2023.2.Hs.symbols
PKIA,h.all.v2023.2.Hs.symbols
