Node List,Source
ERBB2,Oncogene_CancerMine
MYC,Oncogene_CancerMine
EGFR,Oncogene_CancerMine
CCND1,Oncogene_CancerMine
SRC,Oncogene_CancerMine
KRAS,Oncogene_CancerMine
PTGDR,Oncogene_CancerMine
TP53,Oncogene_CancerMine
PIK3CA,Oncogene_CancerMine
NCOA3,Oncogene_CancerMine
AKT1,Oncogene_CancerMine
YAP1,Oncogene_CancerMine
STAT3,Oncogene_CancerMine
KLF4,Oncogene_CancerMine
WNT1,Oncogene_CancerMine
ERBB3,Oncogene_CancerMine
ABL1,Oncogene_CancerMine
EZH2,Oncogene_CancerMine
BRAF,Oncogene_CancerMine
NRAS,Oncogene_CancerMine
MET,Oncogene_CancerMine
JUN,Oncogene_CancerMine
ZNF703,Oncogene_CancerMine
PTEN,Oncogene_CancerMine
MYB,Oncogene_CancerMine
FOS,Oncogene_CancerMine
VEGFA,Oncogene_CancerMine
RET,Oncogene_CancerMine
BCL2,Oncogene_CancerMine
KIT,Oncogene_CancerMine
FOXM1,Oncogene_CancerMine
TAFAZZIN,Oncogene_CancerMine
AURKA,Oncogene_CancerMine
MTDH,Oncogene_CancerMine
SKP2,Oncogene_CancerMine
ZNF217,Oncogene_CancerMine
CD274,Oncogene_CancerMine
IKBKE,Oncogene_CancerMine
PTPN11,Oncogene_CancerMine
PTGS2,Oncogene_CancerMine
NFKB1,Oncogene_CancerMine
ESR1,Oncogene_CancerMine
PELP1,Oncogene_CancerMine
KDM5B,Oncogene_CancerMine
NOTCH1,Oncogene_CancerMine
FASN,Oncogene_CancerMine
ETS1,Oncogene_CancerMine
EGF,Oncogene_CancerMine
CDKN2A,Oncogene_CancerMine
YBX1,Oncogene_CancerMine
ABCB1,Oncogene_CancerMine
MTOR,Oncogene_CancerMine
PI3,Oncogene_CancerMine
PHGDH,Oncogene_CancerMine
MUC1,Oncogene_CancerMine
HRAS,Oncogene_CancerMine
CDKN1A,Oncogene_CancerMine
SOX2,Oncogene_CancerMine
MDM2,Oncogene_CancerMine
ALKBH5,Oncogene_CancerMine
RUNX1,Oncogene_CancerMine
PIN1,Oncogene_CancerMine
PGR,Oncogene_CancerMine
PAK1,Oncogene_CancerMine
NTRK3,Oncogene_CancerMine
FTO,Oncogene_CancerMine
VIRMA,Oncogene_CancerMine
WT1,Oncogene_CancerMine
PTPN1,Oncogene_CancerMine
PPM1D,Oncogene_CancerMine
CDK16,Oncogene_CancerMine
FOXP3,Oncogene_CancerMine
DDX3X,Oncogene_CancerMine
METTL3,Oncogene_CancerMine
CDH1,Oncogene_CancerMine
GOLPH3,Oncogene_CancerMine
YY1,Oncogene_CancerMine
BRCA1,Oncogene_CancerMine
ATF3,Oncogene_CancerMine
MYCN,Oncogene_CancerMine
MYBL2,Oncogene_CancerMine
APC,Oncogene_CancerMine
HOXA1,Oncogene_CancerMine
FOXA1,Oncogene_CancerMine
GLI1,Oncogene_CancerMine
GATA3,Oncogene_CancerMine
E2F1,Oncogene_CancerMine
DEK,Oncogene_CancerMine
CTNNB1,Oncogene_CancerMine
CSF1R,Oncogene_CancerMine
CLK2,Oncogene_CancerMine
CDKN1B,Oncogene_CancerMine
CDK8,Oncogene_CancerMine
KIF4A,Oncogene_CancerMine
SQLE,Oncogene_CancerMine
BMI1,Oncogene_CancerMine
PTTG1,Oncogene_CancerMine
NOTCH4,Oncogene_CancerMine
NFIB,Oncogene_CancerMine
TRIM37,Oncogene_CancerMine
MAPK1,Oncogene_CancerMine
LMO4,Oncogene_CancerMine
LEPR,Oncogene_CancerMine
KLF5,Oncogene_CancerMine
FGFR2,Oncogene_CancerMine
ESR2,Oncogene_CancerMine
ZBTB7A,Oncogene_CancerMine
BCL11A,Oncogene_CancerMine
WWOX,Oncogene_CancerMine
CCN4,Oncogene_CancerMine
VHL,Oncogene_CancerMine
ZEB1,Oncogene_CancerMine
SETDB1,Oncogene_CancerMine
RUNX2,Oncogene_CancerMine
RAB1A,Oncogene_CancerMine
PTK6,Oncogene_CancerMine
PLK1,Oncogene_CancerMine
MYCL,Oncogene_CancerMine
MECP2,Oncogene_CancerMine
MAF,Oncogene_CancerMine
LOX,Oncogene_CancerMine
KIF11,Oncogene_CancerMine
ID4,Oncogene_CancerMine
FGFR1,Oncogene_CancerMine
FGF3,Oncogene_CancerMine
AHR,Oncogene_CancerMine
CSF3,Oncogene_CancerMine
CARM1,Oncogene_CancerMine
COPS5,Oncogene_CancerMine
FOXQ1,Oncogene_CancerMine
KIF14,Oncogene_CancerMine
RAB25,Oncogene_CancerMine
LAMTOR5,Oncogene_CancerMine
CDH3,Oncogene_CancerMine
CDH2,Oncogene_CancerMine
CDC20,Oncogene_CancerMine
ZEB2,Oncogene_CancerMine
DCD,Oncogene_CancerMine
CTCF,Oncogene_CancerMine
KDM2A,Oncogene_CancerMine
HDAC8,Oncogene_CancerMine
WBP2,Oncogene_CancerMine
UCHL1,Oncogene_CancerMine
TWIST1,Oncogene_CancerMine
TERT,Oncogene_CancerMine
SYK,Oncogene_CancerMine
SGK3,Oncogene_CancerMine
SRSF1,Oncogene_CancerMine
BCL6,Oncogene_CancerMine
ESPL1,Oncogene_CancerMine
ARTN,Oncogene_CancerMine
PLP2,Oncogene_CancerMine
AXL,Oncogene_CancerMine
PAPPA,Oncogene_CancerMine
NTN1,Oncogene_CancerMine
ATF2,Oncogene_CancerMine
MST1R,Oncogene_CancerMine
SEPTIN9,Oncogene_CancerMine
MMP9,Oncogene_CancerMine
MAPK14,Oncogene_CancerMine
MAP3K8,Oncogene_CancerMine
LIFR,Oncogene_CancerMine
INPP4B,Oncogene_CancerMine
ANXA1,Oncogene_CancerMine
HSP90AA1,Oncogene_CancerMine
HGF,Oncogene_CancerMine
GRB7,Oncogene_CancerMine
ALK,Oncogene_CancerMine
FOXO1,Oncogene_CancerMine
FOXF2,Oncogene_CancerMine
FOXC1,Oncogene_CancerMine
ERBB4,Oncogene_CancerMine
EN2,Oncogene_CancerMine
EIF4E,Oncogene_CancerMine
EIF3A,Oncogene_CancerMine
PREX1,Oncogene_CancerMine
EFNA1,Oncogene_CancerMine
DUSP6,Oncogene_CancerMine
ATAD2,Oncogene_CancerMine
NKAP,Oncogene_CancerMine
FAM83A,Oncogene_CancerMine
NANOG,Oncogene_CancerMine
SOCS1,Oncogene_CancerMine
TBC1D3,Oncogene_CancerMine
EMSY,Oncogene_CancerMine
AMOTL1,Oncogene_CancerMine
AMOT,Oncogene_CancerMine
SPDEF,Oncogene_CancerMine
CDK1,Oncogene_CancerMine
WWP1,Oncogene_CancerMine
CCNB2,Oncogene_CancerMine
SIRT1,Oncogene_CancerMine
FOSL1,Oncogene_CancerMine
KAT6A,Oncogene_CancerMine
WNT5A,Oncogene_CancerMine
KDM6A,Oncogene_CancerMine
TRPS1,Oncogene_CancerMine
TPD52,Oncogene_CancerMine
TFCP2,Oncogene_CancerMine
TFAP2C,Oncogene_CancerMine
SOX4,Oncogene_CancerMine
ROR2,Oncogene_CancerMine
JAZF1,Oncogene_CancerMine
TFF3,Oncogene_CancerMine
TRIM27,Oncogene_CancerMine
RELA,Oncogene_CancerMine
BCL2L1,Oncogene_CancerMine
RAF1,Oncogene_CancerMine
RAC3,Oncogene_CancerMine
RAC1,Oncogene_CancerMine
PTBP1,Oncogene_CancerMine
LGMN,Oncogene_CancerMine
PRLR,Oncogene_CancerMine
PRL,Oncogene_CancerMine
PPARG,Oncogene_CancerMine
PDK1,Oncogene_CancerMine
PAWR,Oncogene_CancerMine
OGT,Oncogene_CancerMine
NOTCH3,Oncogene_CancerMine
NEK2,Oncogene_CancerMine
NEDD4,Oncogene_CancerMine
MMP2,Oncogene_CancerMine
MKI67,Oncogene_CancerMine
MAPK8,Oncogene_CancerMine
LEP,Oncogene_CancerMine
LCN2,Oncogene_CancerMine
KPNA2,Oncogene_CancerMine
KLF8,Oncogene_CancerMine
JAK2,Oncogene_CancerMine
IGF2,Oncogene_CancerMine
IGF1R,Oncogene_CancerMine
HMGA1,Oncogene_CancerMine
HMGA2,Oncogene_CancerMine
G6PD,Oncogene_CancerMine
AKT3,Oncogene_CancerMine
AKT2,Oncogene_CancerMine
FOXO3,Oncogene_CancerMine
FOXC2,Oncogene_CancerMine
FHL2,Oncogene_CancerMine
FGF8,Oncogene_CancerMine
FGF10,Oncogene_CancerMine
ACSL1,Oncogene_CancerMine
ETV4,Oncogene_CancerMine
ETV1,Oncogene_CancerMine
CTTN,Oncogene_CancerMine
ELAVL1,Oncogene_CancerMine
EIF4EBP1,Oncogene_CancerMine
AGR2,Oncogene_CancerMine
EEF1A2,Oncogene_CancerMine
E2F5,Oncogene_CancerMine
SETD7,Oncogene_CancerMine
RAB11FIP1,Oncogene_CancerMine
METTL14,Oncogene_CancerMine
CIP2A,Oncogene_CancerMine
DLX4,Oncogene_CancerMine
GSE1,Oncogene_CancerMine
MIEN1,Oncogene_CancerMine
DDX5,Oncogene_CancerMine
DDB2,Oncogene_CancerMine
CYP24A1,Oncogene_CancerMine
KDM8,Oncogene_CancerMine
CUL4A,Oncogene_CancerMine
DOT1L,Oncogene_CancerMine
CRP,Oncogene_CancerMine
FSIP1,Oncogene_CancerMine
LSM1,Oncogene_CancerMine
FAM3C,Oncogene_CancerMine
PADI2,Oncogene_CancerMine
HES6,Oncogene_CancerMine
THEM4,Oncogene_CancerMine
PRSS50,Oncogene_CancerMine
CDKN3,Oncogene_CancerMine
BRF2,Oncogene_CancerMine
KDM4C,Oncogene_CancerMine
MELK,Oncogene_CancerMine
ADHFE1,Oncogene_CancerMine
TRIM11,Oncogene_CancerMine
ANGPTL4,Oncogene_CancerMine
UBE2C,Oncogene_CancerMine
CCNE1,Oncogene_CancerMine
CBX4,Oncogene_CancerMine
CBLB,Oncogene_CancerMine
CBL,Oncogene_CancerMine
CASR,Oncogene_CancerMine
F11R,Oncogene_CancerMine
EHMT2,Oncogene_CancerMine
HDAC9,Oncogene_CancerMine
MAL2,Oncogene_CancerMine
KDM2B,Oncogene_CancerMine
TRIM25,Oncogene_CancerMine
NSD3,Oncogene_CancerMine
VDR,Oncogene_CancerMine
VAV3,Oncogene_CancerMine
VASP,Oncogene_CancerMine
GFUS,Oncogene_CancerMine
TRAF2,Oncogene_CancerMine
TNFAIP3,Oncogene_CancerMine
TIMP1,Oncogene_CancerMine
TRIM24,Oncogene_CancerMine
TFF1,Oncogene_CancerMine
TEAD4,Oncogene_CancerMine
TBX3,Oncogene_CancerMine
TBX2,Oncogene_CancerMine
TACC2,Oncogene_CancerMine
ACLY,Oncogene_CancerMine
SPHK1,Oncogene_CancerMine
SNAI1,Oncogene_CancerMine
KDM5C,Oncogene_CancerMine
SNAI2,Oncogene_CancerMine
SLC2A1,Oncogene_CancerMine
RRM2,Oncogene_CancerMine
RPS6KB1,Oncogene_CancerMine
RP1,Oncogene_CancerMine
RECQL4,Oncogene_CancerMine
ETV6,Oncogene_CancerMine
CISH,Oncogene_CancerMine
ELF3,Oncogene_CancerMine
REL,Oncogene_CancerMine
RBM3,Oncogene_CancerMine
RASAL2,Oncogene_CancerMine
RAD9A,Oncogene_CancerMine
RAD51C,Oncogene_CancerMine
RAD51,Oncogene_CancerMine
RAB9A,Oncogene_CancerMine
RAB27B,Oncogene_CancerMine
RAB2A,Oncogene_CancerMine
PTPN12,Oncogene_CancerMine
PTK2B,Oncogene_CancerMine
PTK2,Oncogene_CancerMine
BAX,Oncogene_CancerMine
PSMD12,Oncogene_CancerMine
PRKD3,Oncogene_CancerMine
ZMYND8,Oncogene_CancerMine
PRC1,Oncogene_CancerMine
MED1,Oncogene_CancerMine
PLAU,Oncogene_CancerMine
PKM,Oncogene_CancerMine
PIWIL1,Oncogene_CancerMine
ACADM,Oncogene_CancerMine
PFKFB4,Oncogene_CancerMine
PDZK1,Oncogene_CancerMine
PCNA,Oncogene_CancerMine
HMGN5,Oncogene_CancerMine
NMU,Oncogene_CancerMine
NFE2L2,Oncogene_CancerMine
ABL2,Oncogene_CancerMine
NDRG1,Oncogene_CancerMine
NCL,Oncogene_CancerMine
MT2A,Oncogene_CancerMine
MOS,Oncogene_CancerMine
MGMT,Oncogene_CancerMine
MERTK,Oncogene_CancerMine
MDM4,Oncogene_CancerMine
MCL1,Oncogene_CancerMine
MAP3K3,Oncogene_CancerMine
MAP2K4,Oncogene_CancerMine
SMAD4,Oncogene_CancerMine
LOXL2,Oncogene_CancerMine
LEF1,Oncogene_CancerMine
KMO,Oncogene_CancerMine
JAK1,Oncogene_CancerMine
ITGA2,Oncogene_CancerMine
IRS4,Oncogene_CancerMine
ILK,Oncogene_CancerMine
IL17A,Oncogene_CancerMine
BIRC5,Oncogene_CancerMine
IGF1,Oncogene_CancerMine
ID1,Oncogene_CancerMine
TNC,Oncogene_CancerMine
HRG,Oncogene_CancerMine
HOXB13,Oncogene_CancerMine
HNRNPA1,Oncogene_CancerMine
HMMR,Oncogene_CancerMine
HMGB1,Oncogene_CancerMine
IQANK1,Oncogene_CancerMine
HLA-C,Oncogene_CancerMine
HK2,Oncogene_CancerMine
HIP1,Oncogene_CancerMine
HDAC3,Oncogene_CancerMine
HDAC2,Oncogene_CancerMine
GRN,Oncogene_CancerMine
GRM1,Oncogene_CancerMine
GRB2,Oncogene_CancerMine
GPER1,Oncogene_CancerMine
GLI3,Oncogene_CancerMine
GFRA1,Oncogene_CancerMine
GALNT6,Oncogene_CancerMine
ISG15,Oncogene_CancerMine
FYN,Oncogene_CancerMine
FRK,Oncogene_CancerMine
AKR1B10,Oncogene_CancerMine
FOXF1,Oncogene_CancerMine
FOXD1,Oncogene_CancerMine
VEGFD,Oncogene_CancerMine
FGFR4,Oncogene_CancerMine
FGF7,Oncogene_CancerMine
FABP5,Oncogene_CancerMine
FABP3,Oncogene_CancerMine
EYA2,Oncogene_CancerMine
ERG,Oncogene_CancerMine
EPHA2,Oncogene_CancerMine
EPHA1,Oncogene_CancerMine
ENTPD5,Oncogene_CancerMine
EMP2,Oncogene_CancerMine
MARK2,Oncogene_CancerMine
CT45A1,Oncogene_CancerMine
ELF5,Oncogene_CancerMine
EIF3E,Oncogene_CancerMine
EGR1,Oncogene_CancerMine
E2F6,Oncogene_CancerMine
TRIM59,Oncogene_CancerMine
PRRT2,Oncogene_CancerMine
RCC2,Oncogene_CancerMine
DTL,Oncogene_CancerMine
NAMPT,Oncogene_CancerMine
DNMT1,Oncogene_CancerMine
MAGI3,Oncogene_CancerMine
GLS2,Oncogene_CancerMine
TET1,Oncogene_CancerMine
DDHD2,Oncogene_CancerMine
KDM1A,Oncogene_CancerMine
HAUS3,Oncogene_CancerMine
DGCR8,Oncogene_CancerMine
DCLK1,Oncogene_CancerMine
CCN1,Oncogene_CancerMine
YTHDF3,Oncogene_CancerMine
PAQR4,Oncogene_CancerMine
TUG1,Oncogene_CancerMine
CYP26A1,Oncogene_CancerMine
CXCR4,Oncogene_CancerMine
UBE2T,Oncogene_CancerMine
CCN2,Oncogene_CancerMine
FOXO6,Oncogene_CancerMine
CST3,Oncogene_CancerMine
CST1,Oncogene_CancerMine
PTCD3,Oncogene_CancerMine
PHF20L1,Oncogene_CancerMine
CDK12,Oncogene_CancerMine
CERS6,Oncogene_CancerMine
GSDMB,Oncogene_CancerMine
MCTS1,Oncogene_CancerMine
DEPDC1,Oncogene_CancerMine
COPB2,Oncogene_CancerMine
COL10A1,Oncogene_CancerMine
COPS6,Oncogene_CancerMine
GTPBP4,Oncogene_CancerMine
CENPU,Oncogene_CancerMine
ZUP1,Oncogene_CancerMine
RNF126,Oncogene_CancerMine
ASF1B,Oncogene_CancerMine
RSPO3,Oncogene_CancerMine
KDM3A,Oncogene_CancerMine
PHF8,Oncogene_CancerMine
OIP5,Oncogene_CancerMine
SUB1,Oncogene_CancerMine
RDM1,Oncogene_CancerMine
TNK2,Oncogene_CancerMine
CHEK1,Oncogene_CancerMine
SETD2,Oncogene_CancerMine
ALG1,Oncogene_CancerMine
PBK,Oncogene_CancerMine
SEC61G,Oncogene_CancerMine
PRMT6,Oncogene_CancerMine
EPN3,Oncogene_CancerMine
CEACAM6,Oncogene_CancerMine
CDKN1C,Oncogene_CancerMine
CDK4,Oncogene_CancerMine
CDC25B,Oncogene_CancerMine
CDC25A,Oncogene_CancerMine
RRS1,Oncogene_CancerMine
ECD,Oncogene_CancerMine
KAT7,Oncogene_CancerMine
MLLT11,Oncogene_CancerMine
PSMD14,Oncogene_CancerMine
DLGAP5,Oncogene_CancerMine
KLF16,Oncogene_CancerMine
SCARB1,Oncogene_CancerMine
CHEK2,Oncogene_CancerMine
TRIM28,Oncogene_CancerMine
TRIM32,Oncogene_CancerMine
PARK7,Oncogene_CancerMine
PAK4,Oncogene_CancerMine
LIN28A,Oncogene_CancerMine
TP63,Oncogene_CancerMine
CBX8,Oncogene_CancerMine
PAK5,Oncogene_CancerMine
YTHDF1,Oncogene_CancerMine
CCND2,Oncogene_CancerMine
CCNB1,Oncogene_CancerMine
ARHGAP11A,Oncogene_CancerMine
SPRY4,Oncogene_CancerMine
CBX2,Oncogene_CancerMine
SMYD3,Oncogene_CancerMine
PIGT,Oncogene_CancerMine
TINCR,Oncogene_CancerMine
GAB2,Oncogene_CancerMine
BRD4,Oncogene_CancerMine
NEK8,Oncogene_CancerMine
ARHGEF5,Oncogene_CancerMine
MZF1,Oncogene_CancerMine
YES1,Oncogene_CancerMine
WNT10B,Oncogene_CancerMine
WIPF1,Oncogene_CancerMine
USP10,Oncogene_CancerMine
UHRF2,Oncogene_CancerMine
UBE3A,Oncogene_CancerMine
TRAF4,Oncogene_CancerMine
TPM4,Oncogene_CancerMine
TOP2A,Oncogene_CancerMine
FAS,Oncogene_CancerMine
TNF,Oncogene_CancerMine
TMPO,Oncogene_CancerMine
TLR4,Oncogene_CancerMine
TIMELESS,Oncogene_CancerMine
THBS2,Oncogene_CancerMine
TCF7L2,Oncogene_CancerMine
TARBP2,Oncogene_CancerMine
EPCAM,Oncogene_CancerMine
TACC3,Oncogene_CancerMine
STYX,Oncogene_CancerMine
AURKC,Oncogene_CancerMine
STK11,Oncogene_CancerMine
SPP1,Oncogene_CancerMine
SP1,Oncogene_CancerMine
SOX9,Oncogene_CancerMine
SOX12,Oncogene_CancerMine
BST2,Oncogene_CancerMine
SOD2,Oncogene_CancerMine
SMARCA4,Oncogene_CancerMine
SLC4A7,Oncogene_CancerMine
PRMT5,Oncogene_CancerMine
SIX1,Oncogene_CancerMine
SGK1,Oncogene_CancerMine
SF3B1,Oncogene_CancerMine
SEMA3C,Oncogene_CancerMine
BMP4,Oncogene_CancerMine
CXCL12,Oncogene_CancerMine
CCL2,Oncogene_CancerMine
S100A4,Oncogene_CancerMine
RRAS,Oncogene_CancerMine
RPN2,Oncogene_CancerMine
RHEB,Oncogene_CancerMine
MEN1,Oncogene_CancerMine
THRA,Oncogene_CancerMine
STAT1,Oncogene_CancerMine
MAML2,Oncogene_CancerMine
BCL3,Oncogene_CancerMine
B2M,Oncogene_CancerMine
SERPINB5,Oncogene_CancerMine
NUCB2,Oncogene_CancerMine
MCF2,Oncogene_CancerMine
MAP2K6,Oncogene_CancerMine
ARHGEF2,Oncogene_CancerMine
IDO1,Oncogene_CancerMine
BIRC2,Oncogene_CancerMine
IFNA1,Oncogene_CancerMine
HSF1,Oncogene_CancerMine
GDF15,Oncogene_CancerMine
RICTOR,Oncogene_CancerMine
DEPDC1B,Oncogene_CancerMine
CSF2,Oncogene_CancerMine
CHPF,Oncogene_CancerMine
PPP1R13L,Oncogene_CancerMine
IL17RB,Oncogene_CancerMine
CAV1,Oncogene_CancerMine
OR2T6,Oncogene_CancerMine
EGLN2,Oncogene_CancerMine
ACTB,Oncogene_CancerMine
WNT7B,Oncogene_CancerMine
USP28,Oncogene_CancerMine
TRAF6,Oncogene_CancerMine
SQSTM1,Oncogene_CancerMine
SPARC,Oncogene_CancerMine
SEMA3A,Oncogene_CancerMine
RNF2,Oncogene_CancerMine
MYH9,Oncogene_CancerMine
PRSS3,Oncogene_CancerMine
PDCD4,Oncogene_CancerMine
HERC4,Oncogene_CancerMine
ZBTB16,Oncogene_CancerMine
TIMP3,Oncogene_CancerMine
RECK,Oncogene_CancerMine
SPRY1,Oncogene_CancerMine
FN1,Oncogene_CancerMine
STK38,Oncogene_CancerMine
SOX11,Oncogene_CancerMine
SATB1,Oncogene_CancerMine
ROS1,Oncogene_CancerMine
AR,Oncogene_CancerMine
RFX3,Oncogene_CancerMine
RFC3,Oncogene_CancerMine
REN,Oncogene_CancerMine
BCL2L2,Oncogene_CancerMine
RBP1,Oncogene_CancerMine
RBM7,Oncogene_CancerMine
RBBP8,Oncogene_CancerMine
KDM5A,Oncogene_CancerMine
RB1,Oncogene_CancerMine
RASSF1,Oncogene_CancerMine
RASA1,Oncogene_CancerMine
RARS1,Oncogene_CancerMine
PLAAT4,Oncogene_CancerMine
RARB,Oncogene_CancerMine
RARA,Oncogene_CancerMine
RAP1A,Oncogene_CancerMine
RAN,Oncogene_CancerMine
RAI2,Oncogene_CancerMine
BCHE,Oncogene_CancerMine
RACGAP1,Oncogene_CancerMine
RAC2,Oncogene_CancerMine
RAB7A,Oncogene_CancerMine
RAB5A,Oncogene_CancerMine
BCAS2,Oncogene_CancerMine
BCAS1,Oncogene_CancerMine
BCAR3,Oncogene_CancerMine
BCAR1,Oncogene_CancerMine
PTPRZ1,Oncogene_CancerMine
PTPRD,Oncogene_CancerMine
PTPN6,Oncogene_CancerMine
PTPN3,Oncogene_CancerMine
PTPN2,Oncogene_CancerMine
PTPN13,Oncogene_CancerMine
PTP4A3,Oncogene_CancerMine
PTN,Oncogene_CancerMine
PTHLH,Oncogene_CancerMine
PTH,Oncogene_CancerMine
BATF,Oncogene_CancerMine
PSMD5,Oncogene_CancerMine
BARX2,Oncogene_CancerMine
PSMD10,Oncogene_CancerMine
BARD1,Oncogene_CancerMine
BAP1,Oncogene_CancerMine
PRSS1,Oncogene_CancerMine
PRPS1,Oncogene_CancerMine
PROX1,Oncogene_CancerMine
PRKDC,Oncogene_CancerMine
PRKCI,Oncogene_CancerMine
PRKCB,Oncogene_CancerMine
PICK1,Oncogene_CancerMine
PRKCA,Oncogene_CancerMine
PRKACA,Oncogene_CancerMine
PPP1R1B,Oncogene_CancerMine
PPIF,Oncogene_CancerMine
B4GALT1,Oncogene_CancerMine
POU1F1,Oncogene_CancerMine
PHOX2B,Oncogene_CancerMine
PMAIP1,Oncogene_CancerMine
PLXNB1,Oncogene_CancerMine
PLCD3,Oncogene_CancerMine
PKIB,Oncogene_CancerMine
PITPNM1,Oncogene_CancerMine
PIM2,Oncogene_CancerMine
PIM1,Oncogene_CancerMine
INPP5J,Oncogene_CancerMine
SERPINE2,Oncogene_CancerMine
PGLS,Oncogene_CancerMine
MRPS30,Oncogene_CancerMine
PDCD10,Oncogene_CancerMine
PDCD1,Oncogene_CancerMine
ATP7B,Oncogene_CancerMine
ATP7A,Oncogene_CancerMine
PBX1,Oncogene_CancerMine
PAX6,Oncogene_CancerMine
PAX2,Oncogene_CancerMine
PRKN,Oncogene_CancerMine
SERPINE1,Oncogene_CancerMine
PAFAH1B3,Oncogene_CancerMine
P4HB,Oncogene_CancerMine
P2RX7,Oncogene_CancerMine
OXTR,Oncogene_CancerMine
OSM,Oncogene_CancerMine
OLR1,Oncogene_CancerMine
TENM1,Oncogene_CancerMine
NUP98,Oncogene_CancerMine
NUP153,Oncogene_CancerMine
NUMB,Oncogene_CancerMine
NUDT1,Oncogene_CancerMine
NTRK2,Oncogene_CancerMine
NTRK1,Oncogene_CancerMine
NT5E,Oncogene_CancerMine
NRP2,Oncogene_CancerMine
NRG2,Oncogene_CancerMine
NRG1,Oncogene_CancerMine
NRF1,Oncogene_CancerMine
NRBP1,Oncogene_CancerMine
NR5A2,Oncogene_CancerMine
NR4A1,Oncogene_CancerMine
NR2F2,Oncogene_CancerMine
NR2F1,Oncogene_CancerMine
ATM,Oncogene_CancerMine
NPR1,Oncogene_CancerMine
NPPA,Oncogene_CancerMine
NOTCH2,Oncogene_CancerMine
CNOT1,Oncogene_CancerMine
NOS2,Oncogene_CancerMine
NONO,Oncogene_CancerMine
NOG,Oncogene_CancerMine
NFATC2,Oncogene_CancerMine
NFAT5,Oncogene_CancerMine
ZFHX3,Oncogene_CancerMine
NF1,Oncogene_CancerMine
NEDD9,Oncogene_CancerMine
NAP1L1,Oncogene_CancerMine
PPP1R12A,Oncogene_CancerMine
MYO6,Oncogene_CancerMine
MYEOV,Oncogene_CancerMine
MYBL1,Oncogene_CancerMine
MYBBP1A,Oncogene_CancerMine
MTHFD2,Oncogene_CancerMine
COX2,Oncogene_CancerMine
MTBP,Oncogene_CancerMine
MTA1,Oncogene_CancerMine
ABCG2,Oncogene_CancerMine
MSI1,Oncogene_CancerMine
ARSD,Oncogene_CancerMine
MMP14,Oncogene_CancerMine
FOXO4,Oncogene_CancerMine
KMT2D,Oncogene_CancerMine
MLF2,Oncogene_CancerMine
MIP,Oncogene_CancerMine
MIF,Oncogene_CancerMine
SCGB2A2,Oncogene_CancerMine
ARPC2,Oncogene_CancerMine
MGAT3,Oncogene_CancerMine
MFNG,Oncogene_CancerMine
BMAL1,Oncogene_CancerMine
MAZ,Oncogene_CancerMine
MAPT,Oncogene_CancerMine
MAPRE1,Oncogene_CancerMine
MAPK9,Oncogene_CancerMine
MAPK3,Oncogene_CancerMine
MAP3K7,Oncogene_CancerMine
MAP3K2,Oncogene_CancerMine
MAP3K14,Oncogene_CancerMine
MAP3K11,Oncogene_CancerMine
MAP3K1,Oncogene_CancerMine
MAP2K7,Oncogene_CancerMine
LYN,Oncogene_CancerMine
RND3,Oncogene_CancerMine
RHOB,Oncogene_CancerMine
RHOA,Oncogene_CancerMine
LMNA,Oncogene_CancerMine
LIMK1,Oncogene_CancerMine
LIF,Oncogene_CancerMine
ARF4,Oncogene_CancerMine
LDHB,Oncogene_CancerMine
LDHA,Oncogene_CancerMine
LATS2,Oncogene_CancerMine
LATS1,Oncogene_CancerMine
STMN1,Oncogene_CancerMine
AREG,Oncogene_CancerMine
AFF3,Oncogene_CancerMine
KRT6A,Oncogene_CancerMine
KIF2C,Oncogene_CancerMine
KIF23,Oncogene_CancerMine
AQP5,Oncogene_CancerMine
KLK10,Oncogene_CancerMine
AQP1,Oncogene_CancerMine
KIF3C,Oncogene_CancerMine
KIF2A,Oncogene_CancerMine
KDR,Oncogene_CancerMine
KCNK9,Oncogene_CancerMine
CD82,Oncogene_CancerMine
JUND,Oncogene_CancerMine
JUNB,Oncogene_CancerMine
JTB,Oncogene_CancerMine
APP,Oncogene_CancerMine
ITGB2,Oncogene_CancerMine
ITGB1,Oncogene_CancerMine
ISL1,Oncogene_CancerMine
IRS1,Oncogene_CancerMine
IRF6,Oncogene_CancerMine
IRF2,Oncogene_CancerMine
IQGAP2,Oncogene_CancerMine
IQGAP1,Oncogene_CancerMine
INS,Oncogene_CancerMine
INPP1,Oncogene_CancerMine
IL6,Oncogene_CancerMine
IKBKB,Oncogene_CancerMine
BIRC3,Oncogene_CancerMine
RBPJ,Oncogene_CancerMine
AP1S1,Oncogene_CancerMine
IGFBP2,Oncogene_CancerMine
IDH2,Oncogene_CancerMine
ANXA2,Oncogene_CancerMine
HYAL1,Oncogene_CancerMine
HSPA8,Oncogene_CancerMine
PRMT1,Oncogene_CancerMine
HRK,Oncogene_CancerMine
ERAS,Oncogene_CancerMine
HOXD9,Oncogene_CancerMine
HOXD10,Oncogene_CancerMine
HOXC8,Oncogene_CancerMine
HOXC10,Oncogene_CancerMine
HOXB9,Oncogene_CancerMine
HOXB5,Oncogene_CancerMine
HOXA9,Oncogene_CancerMine
HOXA4,Oncogene_CancerMine
HOXA3,Oncogene_CancerMine
HOXA11,Oncogene_CancerMine
HNRNPU,Oncogene_CancerMine
HNRNPC,Oncogene_CancerMine
HNRNPA2B1,Oncogene_CancerMine
HMOX1,Oncogene_CancerMine
HMGCR,Oncogene_CancerMine
HMGB3,Oncogene_CancerMine
HLA-G,Oncogene_CancerMine
HK1,Oncogene_CancerMine
HIF1A,Oncogene_CancerMine
BLACAT1,Oncogene_CancerMine
HDAC1,Oncogene_CancerMine
HCK,Oncogene_CancerMine
SMIM22,Oncogene_CancerMine
HAS2,Oncogene_CancerMine
H2AZ1,Oncogene_CancerMine
GSTP1,Oncogene_CancerMine
CXCL2,Oncogene_CancerMine
GRM8,Oncogene_CancerMine
GRIN2A,Oncogene_CancerMine
GRIN1,Oncogene_CancerMine
GRIK3,Oncogene_CancerMine
GPT,Oncogene_CancerMine
GRK4,Oncogene_CancerMine
GPNMB,Oncogene_CancerMine
GPAA1,Oncogene_CancerMine
GLS,Oncogene_CancerMine
GJA3,Oncogene_CancerMine
GJA1,Oncogene_CancerMine
GHR,Oncogene_CancerMine
GDF2,Oncogene_CancerMine
GDF10,Oncogene_CancerMine
GAPDH,Oncogene_CancerMine
GALNT3,Oncogene_CancerMine
ABCB10,Oncogene_CancerMine
TRPC5OS,Oncogene_CancerMine
XRCC6,Oncogene_CancerMine
FUS,Oncogene_CancerMine
ALCAM,Oncogene_CancerMine
AKR1C3,Oncogene_CancerMine
FOXP1,Oncogene_CancerMine
FOXG1,Oncogene_CancerMine
AKR1B1,Oncogene_CancerMine
FOXD3,Oncogene_CancerMine
FLT3,Oncogene_CancerMine
FLI1,Oncogene_CancerMine
AKAP13,Oncogene_CancerMine
FHIT,Oncogene_CancerMine
FGFR3,Oncogene_CancerMine
FGF4,Oncogene_CancerMine
FGF2,Oncogene_CancerMine
FGF19,Oncogene_CancerMine
FGD1,Oncogene_CancerMine
MYOF,Oncogene_CancerMine
FABP4,Oncogene_CancerMine
EYA4,Oncogene_CancerMine
EWSR1,Oncogene_CancerMine
ETV5,Oncogene_CancerMine
ESRRG,Oncogene_CancerMine
ESRRA,Oncogene_CancerMine
ERN1,Oncogene_CancerMine
EREG,Oncogene_CancerMine
EPO,Oncogene_CancerMine
EPHA8,Oncogene_CancerMine
AGTR1,Oncogene_CancerMine
ENPEP,Oncogene_CancerMine
ENO1,Oncogene_CancerMine
EMP3,Oncogene_CancerMine
ELK3,Oncogene_CancerMine
EIF3C,Oncogene_CancerMine
EIF3D,Oncogene_CancerMine
TRIM71,Oncogene_CancerMine
EHF,Oncogene_CancerMine
EFNB2,Oncogene_CancerMine
LIN28B,Oncogene_CancerMine
EFEMP2,Oncogene_CancerMine
DCAF8L2,Oncogene_CancerMine
AFP,Oncogene_CancerMine
E2F4,Oncogene_CancerMine
E2F3,Oncogene_CancerMine
ZBTB10,Oncogene_CancerMine
HUWE1,Oncogene_CancerMine
TSLP,Oncogene_CancerMine
DUSP8,Oncogene_CancerMine
TAX1BP3,Oncogene_CancerMine
SUSD2,Oncogene_CancerMine
UBA2,Oncogene_CancerMine
SND1,Oncogene_CancerMine
DUSP1,Oncogene_CancerMine
SOX30,Oncogene_CancerMine
FOXR2,Oncogene_CancerMine
DSCAM,Oncogene_CancerMine
SCRIB,Oncogene_CancerMine
G3BP2,Oncogene_CancerMine
ARHGEF25,Oncogene_CancerMine
MACC1,Oncogene_CancerMine
AAMDC,Oncogene_CancerMine
CD177,Oncogene_CancerMine
ABCA10,Oncogene_CancerMine
TENM4,Oncogene_CancerMine
CSDE1,Oncogene_CancerMine
UBAP2L,Oncogene_CancerMine
NADK,Oncogene_CancerMine
DNPEP,Oncogene_CancerMine
BUD31,Oncogene_CancerMine
ACSBG1,Oncogene_CancerMine
TBL1XR1,Oncogene_CancerMine
DNAH8,Oncogene_CancerMine
CEP131,Oncogene_CancerMine
GPSM2,Oncogene_CancerMine
CENPK,Oncogene_CancerMine
WWC1,Oncogene_CancerMine
PEAK1,Oncogene_CancerMine
DNA2,Oncogene_CancerMine
ARRDC3,Oncogene_CancerMine
TAOK1,Oncogene_CancerMine
FBXO42,Oncogene_CancerMine
INTU,Oncogene_CancerMine
WWC3,Oncogene_CancerMine
TBC1D24,Oncogene_CancerMine
PHLPP2,Oncogene_CancerMine
KDM4B,Oncogene_CancerMine
ADSL,Oncogene_CancerMine
TELO2,Oncogene_CancerMine
TBC1D12,Oncogene_CancerMine
DLL1,Oncogene_CancerMine
DLG3,Oncogene_CancerMine
SETD1A,Oncogene_CancerMine
PIEZO1,Oncogene_CancerMine
VGLL4,Oncogene_CancerMine
DKK2,Oncogene_CancerMine
HSCB,Oncogene_CancerMine
PRAF2,Oncogene_CancerMine
DKC1,Oncogene_CancerMine
GRK2,Oncogene_CancerMine
TMED3,Oncogene_CancerMine
IGF2BP2,Oncogene_CancerMine
IGF2BP1,Oncogene_CancerMine
PRR14,Oncogene_CancerMine
DERL1,Oncogene_CancerMine
ORAI3,Oncogene_CancerMine
STING1,Oncogene_CancerMine
TMEM119,Oncogene_CancerMine
GREP1,Oncogene_CancerMine
DDX20,Oncogene_CancerMine
DCC,Oncogene_CancerMine
DBN1,Oncogene_CancerMine
CXXC5,Oncogene_CancerMine
N4BP2L2,Oncogene_CancerMine
CNIH3,Oncogene_CancerMine
RNF168,Oncogene_CancerMine
DACH1,Oncogene_CancerMine
TMEM17,Oncogene_CancerMine
DCST1,Oncogene_CancerMine
PUS10,Oncogene_CancerMine
ADORA2B,Oncogene_CancerMine
ASPRV1,Oncogene_CancerMine
TMEM134,Oncogene_CancerMine
TRMT12,Oncogene_CancerMine
DENND4C,Oncogene_CancerMine
PUS7,Oncogene_CancerMine
CYP1B1,Oncogene_CancerMine
CYLD,Oncogene_CancerMine
ZNF668,Oncogene_CancerMine
CYBB,Oncogene_CancerMine
MIIP,Oncogene_CancerMine
PRR11,Oncogene_CancerMine
BSDC1,Oncogene_CancerMine
KIF26B,Oncogene_CancerMine
ARL13B,Oncogene_CancerMine
SHARPIN,Oncogene_CancerMine
CTSB,Oncogene_CancerMine
KLHDC7B,Oncogene_CancerMine
OTULIN,Oncogene_CancerMine
DDIT4,Oncogene_CancerMine
GOLPH3L,Oncogene_CancerMine
CSTF3,Oncogene_CancerMine
CSTB,Oncogene_CancerMine
CST6,Oncogene_CancerMine
C3orf62,Oncogene_CancerMine
E2F8,Oncogene_CancerMine
YTHDC2,Oncogene_CancerMine
CSRP2,Oncogene_CancerMine
FBXL20,Oncogene_CancerMine
SIL1,Oncogene_CancerMine
EEF2K,Oncogene_CancerMine
CDT1,Oncogene_CancerMine
CSNK2A1,Oncogene_CancerMine
DCAF13,Oncogene_CancerMine
DNER,Oncogene_CancerMine
CSK,Oncogene_CancerMine
KMT5B,Oncogene_CancerMine
TATDN1,Oncogene_CancerMine
CEBPZ,Oncogene_CancerMine
LRATD2,Oncogene_CancerMine
BMF,Oncogene_CancerMine
A1CF,Oncogene_CancerMine
HEATR6,Oncogene_CancerMine
WWTR1,Oncogene_CancerMine
MTA3,Oncogene_CancerMine
ACKR3,Oncogene_CancerMine
ANKRD18B,Oncogene_CancerMine
CRK,Oncogene_CancerMine
MORC2,Oncogene_CancerMine
MORC4,Oncogene_CancerMine
ZNF276,Oncogene_CancerMine
GALNT13,Oncogene_CancerMine
RTRAF,Oncogene_CancerMine
CPNE1,Oncogene_CancerMine
RHBDD1,Oncogene_CancerMine
ARL5B,Oncogene_CancerMine
BEND3,Oncogene_CancerMine
CDYL2,Oncogene_CancerMine
KDM4A,Oncogene_CancerMine
SBNO1,Oncogene_CancerMine
PDLIM7,Oncogene_CancerMine
TNN,Oncogene_CancerMine
CORO2A,Oncogene_CancerMine
ADAMTS8,Oncogene_CancerMine
KLF6,Oncogene_CancerMine
ZMIZ2,Oncogene_CancerMine
COL4A2,Oncogene_CancerMine
COL4A1,Oncogene_CancerMine
IQUB,Oncogene_CancerMine
AGK,Oncogene_CancerMine
CPEB4,Oncogene_CancerMine
CNR2,Oncogene_CancerMine
KDM1B,Oncogene_CancerMine
CNN2,Oncogene_CancerMine
SCD5,Oncogene_CancerMine
PITPNC1,Oncogene_CancerMine
NUS1,Oncogene_CancerMine
ARHGAP18,Oncogene_CancerMine
VGLL1,Oncogene_CancerMine
SMYD2,Oncogene_CancerMine
SLC39A8,Oncogene_CancerMine
ERCC6L,Oncogene_CancerMine
CLK1,Oncogene_CancerMine
IQGAP3,Oncogene_CancerMine
SETD3,Oncogene_CancerMine
BRIP1,Oncogene_CancerMine
MTSS1,Oncogene_CancerMine
SULF2,Oncogene_CancerMine
G2E3,Oncogene_CancerMine
UPF3A,Oncogene_CancerMine
SKA3,Oncogene_CancerMine
KIF26A,Oncogene_CancerMine
DDX54,Oncogene_CancerMine
IGFBPL1,Oncogene_CancerMine
USP47,Oncogene_CancerMine
USP39,Oncogene_CancerMine
USP36,Oncogene_CancerMine
USP35,Oncogene_CancerMine
GREM1,Oncogene_CancerMine
CHUK,Oncogene_CancerMine
ADAM19,Oncogene_CancerMine
CHRNA4,Oncogene_CancerMine
ADAM17,Oncogene_CancerMine
RIOX2,Oncogene_CancerMine
ING4,Oncogene_CancerMine
CHKA,Oncogene_CancerMine
JMJD6,Oncogene_CancerMine
SIN3B,Oncogene_CancerMine
ST6GALNAC5,Oncogene_CancerMine
CHI3L1,Oncogene_CancerMine
LMTK3,Oncogene_CancerMine
CERK,Oncogene_CancerMine
CXCL17,Oncogene_CancerMine
CHD1L,Oncogene_CancerMine
CHD1,Oncogene_CancerMine
CKS1B,Oncogene_CancerMine
ASPM,Oncogene_CancerMine
MASTL,Oncogene_CancerMine
TRIM56,Oncogene_CancerMine
HIPK1,Oncogene_CancerMine
DCXR,Oncogene_CancerMine
KREMEN2,Oncogene_CancerMine
CFLAR,Oncogene_CancerMine
RHOBTB3,Oncogene_CancerMine
DDX46,Oncogene_CancerMine
CENPE,Oncogene_CancerMine
NUSAP1,Oncogene_CancerMine
HAVCR2,Oncogene_CancerMine
HPSE2,Oncogene_CancerMine
HINT2,Oncogene_CancerMine
CEBPA,Oncogene_CancerMine
YPEL2,Oncogene_CancerMine
RAB40B,Oncogene_CancerMine
SOX7,Oncogene_CancerMine
ZNF365,Oncogene_CancerMine
SOX17,Oncogene_CancerMine
RSF1,Oncogene_CancerMine
KHDRBS1,Oncogene_CancerMine
TRPV4,Oncogene_CancerMine
WIF1,Oncogene_CancerMine
CDSN,Oncogene_CancerMine
NISCH,Oncogene_CancerMine
PHF5A,Oncogene_CancerMine
TRPM7,Oncogene_CancerMine
PODXL2,Oncogene_CancerMine
SERTAD1,Oncogene_CancerMine
PSMC3IP,Oncogene_CancerMine
SENP1,Oncogene_CancerMine
TFCP2L1,Oncogene_CancerMine
STEAP2,Oncogene_CancerMine
CENPL,Oncogene_CancerMine
NPTN,Oncogene_CancerMine
GLCE,Oncogene_CancerMine
AMOTL2,Oncogene_CancerMine
PIPOX,Oncogene_CancerMine
CDK7,Oncogene_CancerMine
SPRED2,Oncogene_CancerMine
CDK2,Oncogene_CancerMine
CDK10,Oncogene_CancerMine
RABGEF1,Oncogene_CancerMine
CDH4,Oncogene_CancerMine
CDH13,Oncogene_CancerMine
CDH11,Oncogene_CancerMine
PDLIM5,Oncogene_CancerMine
CDC7,Oncogene_CancerMine
TBRG4,Oncogene_CancerMine
COP1,Oncogene_CancerMine
ADGRV1,Oncogene_CancerMine
RNF111,Oncogene_CancerMine
CDK13,Oncogene_CancerMine
SP7,Oncogene_CancerMine
TIMM17A,Oncogene_CancerMine
KIF15,Oncogene_CancerMine
RRAS2,Oncogene_CancerMine
TNFAIP8,Oncogene_CancerMine
LSM4,Oncogene_CancerMine
DICER1,Oncogene_CancerMine
NCSTN,Oncogene_CancerMine
SYNE2,Oncogene_CancerMine
PUF60,Oncogene_CancerMine
CD81,Oncogene_CancerMine
HELZ,Oncogene_CancerMine
MRC2,Oncogene_CancerMine
BCLAF1,Oncogene_CancerMine
USP6NL,Oncogene_CancerMine
WTAP,Oncogene_CancerMine
CD47,Oncogene_CancerMine
CD44,Oncogene_CancerMine
WWP2,Oncogene_CancerMine
FBXO32,Oncogene_CancerMine
ZBTB33,Oncogene_CancerMine
ANP32B,Oncogene_CancerMine
ANP32E,Oncogene_CancerMine
BCL2L14,Oncogene_CancerMine
ACTN4,Oncogene_CancerMine
FBXO31,Oncogene_CancerMine
CYGB,Oncogene_CancerMine
EPSTI1,Oncogene_CancerMine
HM13,Oncogene_CancerMine
LACRT,Oncogene_CancerMine
BUD23,Oncogene_CancerMine
TRIM14,Oncogene_CancerMine
CTCFL,Oncogene_CancerMine
RPRD1B,Oncogene_CancerMine
FAM83D,Oncogene_CancerMine
CCR7,Oncogene_CancerMine
ASB2,Oncogene_CancerMine
TRIM63,Oncogene_CancerMine
SALL4,Oncogene_CancerMine
CCND3,Oncogene_CancerMine
RASD1,Oncogene_CancerMine
PIGU,Oncogene_CancerMine
LCTL,Oncogene_CancerMine
RB1CC1,Oncogene_CancerMine
SETBP1,Oncogene_CancerMine
ARID4B,Oncogene_CancerMine
PUS1,Oncogene_CancerMine
CBS,Oncogene_CancerMine
GOLM1,Oncogene_CancerMine
CBFA2T3,Oncogene_CancerMine
RUNX1T1,Oncogene_CancerMine
ZFP91,Oncogene_CancerMine
RBM15,Oncogene_CancerMine
CARS1,Oncogene_CancerMine
RAI14,Oncogene_CancerMine
CAPG,Oncogene_CancerMine
CDCA8,Oncogene_CancerMine
CDCA3,Oncogene_CancerMine
CDCA2,Oncogene_CancerMine
TES,Oncogene_CancerMine
NET1,Oncogene_CancerMine
SCYL1,Oncogene_CancerMine
MRTFA,Oncogene_CancerMine
NUAK1,Oncogene_CancerMine
BRD7,Oncogene_CancerMine
CMYA5,Oncogene_CancerMine
MT1M,Oncogene_CancerMine
MRPL13,Oncogene_CancerMine
JPT2,Oncogene_CancerMine
CNOT7,Oncogene_CancerMine
HDAC5,Oncogene_CancerMine
CSMD1,Oncogene_CancerMine
SMC4,Oncogene_CancerMine
PEG10,Oncogene_CancerMine
CPSF6,Oncogene_CancerMine
SOST,Oncogene_CancerMine
IL25,Oncogene_CancerMine
CA1,Oncogene_CancerMine
LAPTM4B,Oncogene_CancerMine
FBXO22,Oncogene_CancerMine
FBXO11,Oncogene_CancerMine
ERLIN2,Oncogene_CancerMine
MARK4,Oncogene_CancerMine
PTTG1IP,Oncogene_CancerMine
VPS35,Oncogene_CancerMine
RBMS3,Oncogene_CancerMine
PDCD11,Oncogene_CancerMine
NEK7,Oncogene_CancerMine
MCOLN1,Oncogene_CancerMine
HUNK,Oncogene_CancerMine
URI1,Oncogene_CancerMine
POLR1H,Oncogene_CancerMine
IKZF1,Oncogene_CancerMine
EML4,Oncogene_CancerMine
PATZ1,Oncogene_CancerMine
ZNF224,Oncogene_CancerMine
ZNF121,Oncogene_CancerMine
XPO1,Oncogene_CancerMine
XBP1,Oncogene_CancerMine
WNT3,Oncogene_CancerMine
CCN5,Oncogene_CancerMine
WEE1,Oncogene_CancerMine
WDR1,Oncogene_CancerMine
WASL,Oncogene_CancerMine
WASF3,Oncogene_CancerMine
WAS,Oncogene_CancerMine
VLDLR,Oncogene_CancerMine
VEGFC,Oncogene_CancerMine
VAV2,Oncogene_CancerMine
VAMP8,Oncogene_CancerMine
USP22,Oncogene_CancerMine
USP20,Oncogene_CancerMine
USP15,Oncogene_CancerMine
USP11,Oncogene_CancerMine
UBP1,Oncogene_CancerMine
UBE4B,Oncogene_CancerMine
UBE2V1,Oncogene_CancerMine
UBC,Oncogene_CancerMine
TYRO3,Oncogene_CancerMine
TXNL1,Oncogene_CancerMine
TXN,Oncogene_CancerMine
C1QBP,Oncogene_CancerMine
TTN,Oncogene_CancerMine
TPT1,Oncogene_CancerMine
TPM1,Oncogene_CancerMine
TP73,Oncogene_CancerMine
TNXB,Oncogene_CancerMine
TNFSF11,Oncogene_CancerMine
TNFRSF11B,Oncogene_CancerMine
TNFRSF10B,Oncogene_CancerMine
TM9SF2,Oncogene_CancerMine
TSPAN8,Oncogene_CancerMine
TLK2,Oncogene_CancerMine
TKTL1,Oncogene_CancerMine
TJP2,Oncogene_CancerMine
TIMM8A,Oncogene_CancerMine
KLF11,Oncogene_CancerMine
TIAM1,Oncogene_CancerMine
TGFBR3,Oncogene_CancerMine
TGFBI,Oncogene_CancerMine
TFDP1,Oncogene_CancerMine
TFAP2A,Oncogene_CancerMine
TMBIM6,Oncogene_CancerMine
TDG,Oncogene_CancerMine
AKIP1,Oncogene_CancerMine
TCF12,Oncogene_CancerMine
TBX1,Oncogene_CancerMine
TACSTD2,Oncogene_CancerMine
TACR1,Oncogene_CancerMine
SYT1,Oncogene_CancerMine
SUV39H1,Oncogene_CancerMine
RIOK3,Oncogene_CancerMine
BTRC,Oncogene_CancerMine
STX3,Oncogene_CancerMine
STK24,Oncogene_CancerMine
AURKB,Oncogene_CancerMine
SULT1E1,Oncogene_CancerMine
STC2,Oncogene_CancerMine
STC1,Oncogene_CancerMine
ABI1,Oncogene_CancerMine
SRMS,Oncogene_CancerMine
SRF,Oncogene_CancerMine
SRA1,Oncogene_CancerMine
SPR,Oncogene_CancerMine
BTF3,Oncogene_CancerMine
SPINT1,Oncogene_CancerMine
SPIN1,Oncogene_CancerMine
SPI1,Oncogene_CancerMine
SP2,Oncogene_CancerMine
SOX8,Oncogene_CancerMine
SOX5,Oncogene_CancerMine
SOX10,Oncogene_CancerMine
SOS1,Oncogene_CancerMine
SNCG,Oncogene_CancerMine
NCAPH,Oncogene_CancerMine
ARID1A,Oncogene_CancerMine
SMARCE1,Oncogene_CancerMine
SLC7A5,Oncogene_CancerMine
SLC25A10,Oncogene_CancerMine
SLC1A5,Oncogene_CancerMine
SLC40A1,Oncogene_CancerMine
ST6GAL2,Oncogene_CancerMine
SIAH2,Oncogene_CancerMine
SHMT2,Oncogene_CancerMine
SHC1,Oncogene_CancerMine
BNIP3,Oncogene_CancerMine
SRSF6,Oncogene_CancerMine
SRSF5,Oncogene_CancerMine
SRSF4,Oncogene_CancerMine
SRSF2,Oncogene_CancerMine
TRA2B,Oncogene_CancerMine
SFRP4,Oncogene_CancerMine
SFRP2,Oncogene_CancerMine
SET,Oncogene_CancerMine
BMPR1A,Oncogene_CancerMine
BMP7,Oncogene_CancerMine
SEMA4C,Oncogene_CancerMine
SEMA3F,Oncogene_CancerMine
SEMA3B,Oncogene_CancerMine
BMP2,Oncogene_CancerMine
CXCL10,Oncogene_CancerMine
CCL11,Oncogene_CancerMine
SERPINB3,Oncogene_CancerMine
S100P,Oncogene_CancerMine
S100A9,Oncogene_CancerMine
S100A7,Oncogene_CancerMine
S100A10,Oncogene_CancerMine
S100A1,Oncogene_CancerMine
RTKN,Oncogene_CancerMine
RRBP1,Oncogene_CancerMine
RPS6KB2,Oncogene_CancerMine
RPS6KA3,Oncogene_CancerMine
MRPL12,Oncogene_CancerMine
RPL39,Oncogene_CancerMine
RPL14,Oncogene_CancerMine
ROCK2,Oncogene_CancerMine
ROCK1,Oncogene_CancerMine
RNMT,Oncogene_CancerMine
RNF6,Oncogene_CancerMine
TRIM3,Oncogene_CancerMine
RGS6,Oncogene_CancerMine
RGS4,Oncogene_CancerMine
GGH,Oncogene_CancerMine
DCAF7,Oncogene_CancerMine
PXDC1,Oncogene_CancerMine
HSPB1,Oncogene_CancerMine
CTSD,Oncogene_CancerMine
