Gene Name,Source
A1CF,GDC_DEGs_Upregulated_Project_TCGA-PRAD
ABCG2,GDC_DEGs_Downregulated_Project_TCGA-PRAD
AC000093.1,GDC_DEGs_Upregulated_Project_TCGA-PRAD
AC005041.1,GDC_DEGs_Downregulated_Project_TCGA-PRAD
AC005726.1,GDC_DEGs_Upregulated_Project_TCGA-PRAD
AC010255.2,GDC_DEGs_Upregulated_Project_TCGA-PRAD
AC010980.1,GDC_DEGs_Downregulated_Project_TCGA-PRAD
AC013470.2,GDC_DEGs_Upregulated_Project_TCGA-PRAD
AC090517.4,GDC_DEGs_Upregulated_Project_TCGA-PRAD
AC113554.1,GDC_DEGs_Upregulated_Project_TCGA-PRAD
ACSL6,GDC_DEGs_Downregulated_Project_TCGA-PRAD
ACSM1,GDC_DEGs_Upregulated_Project_TCGA-PRAD
ACTC1,GDC_DEGs_Downregulated_Project_TCGA-PRAD
ADAM18,GDC_DEGs_Upregulated_Project_TCGA-PRAD
ADAM2,GDC_DEGs_Upregulated_Project_TCGA-PRAD
ADAMTS18,GDC_DEGs_Downregulated_Project_TCGA-PRAD
ADCY8,GDC_DEGs_Downregulated_Project_TCGA-PRAD
ADGRD2,GDC_DEGs_Downregulated_Project_TCGA-PRAD
ADGRG4,GDC_DEGs_Downregulated_Project_TCGA-PRAD
ADRA1A,GDC_DEGs_Downregulated_Project_TCGA-PRAD
ADRB3,GDC_DEGs_Downregulated_Project_TCGA-PRAD
ADTRP,GDC_DEGs_Downregulated_Project_TCGA-PRAD
AFP,GDC_DEGs_Upregulated_Project_TCGA-PRAD
AGXT2,GDC_DEGs_Downregulated_Project_TCGA-PRAD
AHSG,GDC_DEGs_Upregulated_Project_TCGA-PRAD
AKAP14,GDC_DEGs_Upregulated_Project_TCGA-PRAD
AKR1B1,GDC_DEGs_Downregulated_Project_TCGA-PRAD
AKR1C4,GDC_DEGs_Upregulated_Project_TCGA-PRAD
AKR1D1,GDC_DEGs_Upregulated_Project_TCGA-PRAD
AL354761.1,GDC_DEGs_Downregulated_Project_TCGA-PRAD
ALB,GDC_DEGs_Upregulated_Project_TCGA-PRAD
AMACR,GDC_DEGs_Upregulated_Project_TCGA-PRAD
AMELX,GDC_DEGs_Downregulated_Project_TCGA-PRAD
AMH,GDC_DEGs_Upregulated_Project_TCGA-PRAD
ANGPT1,GDC_DEGs_Downregulated_Project_TCGA-PRAD
ANGPTL3,GDC_DEGs_Upregulated_Project_TCGA-PRAD
ANKRD30A,GDC_DEGs_Upregulated_Project_TCGA-PRAD
ANKRD34B,GDC_DEGs_Upregulated_Project_TCGA-PRAD
ANKRD66,GDC_DEGs_Upregulated_Project_TCGA-PRAD
ANO1,GDC_DEGs_Downregulated_Project_TCGA-PRAD
ANXA10,GDC_DEGs_Upregulated_Project_TCGA-PRAD
ANXA13,GDC_DEGs_Downregulated_Project_TCGA-PRAD
AOX1,GDC_DEGs_Downregulated_Project_TCGA-PRAD
APCS,GDC_DEGs_Upregulated_Project_TCGA-PRAD
APOA2,GDC_DEGs_Upregulated_Project_TCGA-PRAD
APOBEC3C,GDC_DEGs_Downregulated_Project_TCGA-PRAD
APOBEC4,GDC_DEGs_Upregulated_Project_TCGA-PRAD
APOC1,GDC_DEGs_Upregulated_Project_TCGA-PRAD
APOC3,GDC_DEGs_Upregulated_Project_TCGA-PRAD
APOF,GDC_DEGs_Upregulated_Project_TCGA-PRAD
APOH,GDC_DEGs_Upregulated_Project_TCGA-PRAD
AQP2,GDC_DEGs_Downregulated_Project_TCGA-PRAD
AQP5,GDC_DEGs_Downregulated_Project_TCGA-PRAD
ARC,GDC_DEGs_Downregulated_Project_TCGA-PRAD
ARHGAP19-SLIT1,GDC_DEGs_Upregulated_Project_TCGA-PRAD
ARHGDIG,GDC_DEGs_Upregulated_Project_TCGA-PRAD
ARMC3,GDC_DEGs_Upregulated_Project_TCGA-PRAD
ARSF,GDC_DEGs_Downregulated_Project_TCGA-PRAD
ASPA,GDC_DEGs_Downregulated_Project_TCGA-PRAD
ASTL,GDC_DEGs_Downregulated_Project_TCGA-PRAD
ASTN1,GDC_DEGs_Downregulated_Project_TCGA-PRAD
ATOH1,GDC_DEGs_Upregulated_Project_TCGA-PRAD
ATP10B,GDC_DEGs_Downregulated_Project_TCGA-PRAD
ATP13A4,GDC_DEGs_Downregulated_Project_TCGA-PRAD
ATP1A4,GDC_DEGs_Downregulated_Project_TCGA-PRAD
ATP2B3,GDC_DEGs_Downregulated_Project_TCGA-PRAD
ATP6V0A4,GDC_DEGs_Downregulated_Project_TCGA-PRAD
ATP6V0D2,GDC_DEGs_Downregulated_Project_TCGA-PRAD
ATP6V1G3,GDC_DEGs_Downregulated_Project_TCGA-PRAD
ATP8A2,GDC_DEGs_Upregulated_Project_TCGA-PRAD
B3GNT6,GDC_DEGs_Upregulated_Project_TCGA-PRAD
BAIAP2L2,GDC_DEGs_Upregulated_Project_TCGA-PRAD
BARHL2,GDC_DEGs_Upregulated_Project_TCGA-PRAD
BARX1,GDC_DEGs_Upregulated_Project_TCGA-PRAD
BMP5,GDC_DEGs_Downregulated_Project_TCGA-PRAD
BRINP2,GDC_DEGs_Downregulated_Project_TCGA-PRAD
BRSK2,GDC_DEGs_Upregulated_Project_TCGA-PRAD
BTN1A1,GDC_DEGs_Downregulated_Project_TCGA-PRAD
C10orf82,GDC_DEGs_Downregulated_Project_TCGA-PRAD
C10orf95,GDC_DEGs_Upregulated_Project_TCGA-PRAD
C10orf99,GDC_DEGs_Downregulated_Project_TCGA-PRAD
C11orf87,GDC_DEGs_Downregulated_Project_TCGA-PRAD
C15orf48,GDC_DEGs_Upregulated_Project_TCGA-PRAD
C19orf81,GDC_DEGs_Upregulated_Project_TCGA-PRAD
C1QTNF9B,GDC_DEGs_Upregulated_Project_TCGA-PRAD
C20orf202,GDC_DEGs_Downregulated_Project_TCGA-PRAD
C21orf62,GDC_DEGs_Downregulated_Project_TCGA-PRAD
C2CD4C,GDC_DEGs_Upregulated_Project_TCGA-PRAD
C2orf72,GDC_DEGs_Upregulated_Project_TCGA-PRAD
C2orf88,GDC_DEGs_Downregulated_Project_TCGA-PRAD
C8B,GDC_DEGs_Upregulated_Project_TCGA-PRAD
CA14,GDC_DEGs_Downregulated_Project_TCGA-PRAD
CA2,GDC_DEGs_Downregulated_Project_TCGA-PRAD
CA5A,GDC_DEGs_Downregulated_Project_TCGA-PRAD
CABS1,GDC_DEGs_Downregulated_Project_TCGA-PRAD
CACNA1D,GDC_DEGs_Upregulated_Project_TCGA-PRAD
CAMKV,GDC_DEGs_Upregulated_Project_TCGA-PRAD
CAPN6,GDC_DEGs_Downregulated_Project_TCGA-PRAD
CAPZA3,GDC_DEGs_Downregulated_Project_TCGA-PRAD
CARD18,GDC_DEGs_Upregulated_Project_TCGA-PRAD
CASP14,GDC_DEGs_Downregulated_Project_TCGA-PRAD
CBLIF,GDC_DEGs_Upregulated_Project_TCGA-PRAD
CBLN4,GDC_DEGs_Downregulated_Project_TCGA-PRAD
CCDC198,GDC_DEGs_Downregulated_Project_TCGA-PRAD
CCDC27,GDC_DEGs_Downregulated_Project_TCGA-PRAD
CCDC78,GDC_DEGs_Upregulated_Project_TCGA-PRAD
CCDC83,GDC_DEGs_Upregulated_Project_TCGA-PRAD
CCER2,GDC_DEGs_Upregulated_Project_TCGA-PRAD
CCNI2,GDC_DEGs_Downregulated_Project_TCGA-PRAD
CDC20B,GDC_DEGs_Upregulated_Project_TCGA-PRAD
CDH16,GDC_DEGs_Downregulated_Project_TCGA-PRAD
CDH8,GDC_DEGs_Downregulated_Project_TCGA-PRAD
CDHR4,GDC_DEGs_Upregulated_Project_TCGA-PRAD
CDO1,GDC_DEGs_Downregulated_Project_TCGA-PRAD
CDX4,GDC_DEGs_Downregulated_Project_TCGA-PRAD
CELA3B,GDC_DEGs_Upregulated_Project_TCGA-PRAD
CENPVL3,GDC_DEGs_Upregulated_Project_TCGA-PRAD
CERS1,GDC_DEGs_Upregulated_Project_TCGA-PRAD
CES5A,GDC_DEGs_Downregulated_Project_TCGA-PRAD
CFAP65,GDC_DEGs_Upregulated_Project_TCGA-PRAD
CHEK1,GDC_DEGs_Downregulated_Project_TCGA-PRAD
CHIT1,GDC_DEGs_Upregulated_Project_TCGA-PRAD
CHP2,GDC_DEGs_Downregulated_Project_TCGA-PRAD
CHRM2,GDC_DEGs_Downregulated_Project_TCGA-PRAD
CHRNA4,GDC_DEGs_Downregulated_Project_TCGA-PRAD
CIDEC,GDC_DEGs_Downregulated_Project_TCGA-PRAD
CLC,GDC_DEGs_Downregulated_Project_TCGA-PRAD
CLCA2,GDC_DEGs_Downregulated_Project_TCGA-PRAD
CLCA4,GDC_DEGs_Downregulated_Project_TCGA-PRAD
CLDN19,GDC_DEGs_Downregulated_Project_TCGA-PRAD
CLDN2,GDC_DEGs_Downregulated_Project_TCGA-PRAD
CLEC18B,GDC_DEGs_Upregulated_Project_TCGA-PRAD
CLPSL1,GDC_DEGs_Downregulated_Project_TCGA-PRAD
CLPSL2,GDC_DEGs_Downregulated_Project_TCGA-PRAD
CLU,GDC_DEGs_Downregulated_Project_TCGA-PRAD
COL10A1,GDC_DEGs_Upregulated_Project_TCGA-PRAD
COL2A1,GDC_DEGs_Upregulated_Project_TCGA-PRAD
COL9A2,GDC_DEGs_Upregulated_Project_TCGA-PRAD
COLEC10,GDC_DEGs_Downregulated_Project_TCGA-PRAD
COMP,GDC_DEGs_Upregulated_Project_TCGA-PRAD
COX7B2,GDC_DEGs_Upregulated_Project_TCGA-PRAD
CPN1,GDC_DEGs_Upregulated_Project_TCGA-PRAD
CPNE6,GDC_DEGs_Downregulated_Project_TCGA-PRAD
CR589904.2,GDC_DEGs_Upregulated_Project_TCGA-PRAD
CRABP2,GDC_DEGs_Downregulated_Project_TCGA-PRAD
CRISP1,GDC_DEGs_Downregulated_Project_TCGA-PRAD
CRNN,GDC_DEGs_Downregulated_Project_TCGA-PRAD
CRP,GDC_DEGs_Upregulated_Project_TCGA-PRAD
CRTAC1,GDC_DEGs_Downregulated_Project_TCGA-PRAD
CRYBA4,GDC_DEGs_Upregulated_Project_TCGA-PRAD
CRYGD,GDC_DEGs_Downregulated_Project_TCGA-PRAD
CST1,GDC_DEGs_Upregulated_Project_TCGA-PRAD
CST2,GDC_DEGs_Upregulated_Project_TCGA-PRAD
CST4,GDC_DEGs_Downregulated_Project_TCGA-PRAD
CTAG2,GDC_DEGs_Upregulated_Project_TCGA-PRAD
CXCR2,GDC_DEGs_Downregulated_Project_TCGA-PRAD
CYP19A1,GDC_DEGs_Downregulated_Project_TCGA-PRAD
CYP1A2,GDC_DEGs_Downregulated_Project_TCGA-PRAD
CYP4B1,GDC_DEGs_Downregulated_Project_TCGA-PRAD
CYP4F22,GDC_DEGs_Downregulated_Project_TCGA-PRAD
CYP4F8,GDC_DEGs_Downregulated_Project_TCGA-PRAD
CYSLTR2,GDC_DEGs_Downregulated_Project_TCGA-PRAD
DCAF12L1,GDC_DEGs_Downregulated_Project_TCGA-PRAD
DCC,GDC_DEGs_Downregulated_Project_TCGA-PRAD
DCHS2,GDC_DEGs_Downregulated_Project_TCGA-PRAD
DDX53,GDC_DEGs_Upregulated_Project_TCGA-PRAD
DEFA5,GDC_DEGs_Upregulated_Project_TCGA-PRAD
DEFA6,GDC_DEGs_Upregulated_Project_TCGA-PRAD
DEFB129,GDC_DEGs_Downregulated_Project_TCGA-PRAD
DEFB131A,GDC_DEGs_Downregulated_Project_TCGA-PRAD
DEFB132,GDC_DEGs_Downregulated_Project_TCGA-PRAD
DEFB134,GDC_DEGs_Downregulated_Project_TCGA-PRAD
DIO1,GDC_DEGs_Upregulated_Project_TCGA-PRAD
DLL3,GDC_DEGs_Upregulated_Project_TCGA-PRAD
DLX1,GDC_DEGs_Upregulated_Project_TCGA-PRAD
DLX2,GDC_DEGs_Upregulated_Project_TCGA-PRAD
DMBT1,GDC_DEGs_Downregulated_Project_TCGA-PRAD
DMBX1,GDC_DEGs_Upregulated_Project_TCGA-PRAD
DMRT2,GDC_DEGs_Downregulated_Project_TCGA-PRAD
DMRTC2,GDC_DEGs_Upregulated_Project_TCGA-PRAD
DNAH5,GDC_DEGs_Upregulated_Project_TCGA-PRAD
DNAH8,GDC_DEGs_Upregulated_Project_TCGA-PRAD
DPP6,GDC_DEGs_Downregulated_Project_TCGA-PRAD
DSG4,GDC_DEGs_Downregulated_Project_TCGA-PRAD
DUOX1,GDC_DEGs_Downregulated_Project_TCGA-PRAD
DUOX2,GDC_DEGs_Downregulated_Project_TCGA-PRAD
DUOXA1,GDC_DEGs_Downregulated_Project_TCGA-PRAD
DUOXA2,GDC_DEGs_Downregulated_Project_TCGA-PRAD
DUSP2,GDC_DEGs_Downregulated_Project_TCGA-PRAD
DYTN,GDC_DEGs_Upregulated_Project_TCGA-PRAD
EBF2,GDC_DEGs_Upregulated_Project_TCGA-PRAD
EDDM3A,GDC_DEGs_Downregulated_Project_TCGA-PRAD
EDDM3B,GDC_DEGs_Downregulated_Project_TCGA-PRAD
EFNA2,GDC_DEGs_Upregulated_Project_TCGA-PRAD
ELAVL2,GDC_DEGs_Upregulated_Project_TCGA-PRAD
ELSPBP1,GDC_DEGs_Downregulated_Project_TCGA-PRAD
EMX2,GDC_DEGs_Downregulated_Project_TCGA-PRAD
ENPP3,GDC_DEGs_Downregulated_Project_TCGA-PRAD
EPGN,GDC_DEGs_Downregulated_Project_TCGA-PRAD
EPHA10,GDC_DEGs_Upregulated_Project_TCGA-PRAD
EPHA8,GDC_DEGs_Upregulated_Project_TCGA-PRAD
EPHB1,GDC_DEGs_Downregulated_Project_TCGA-PRAD
EPPIN,GDC_DEGs_Downregulated_Project_TCGA-PRAD
ERG,GDC_DEGs_Upregulated_Project_TCGA-PRAD
ERVH48-1,GDC_DEGs_Upregulated_Project_TCGA-PRAD
EVA1A,GDC_DEGs_Downregulated_Project_TCGA-PRAD
EVX2,GDC_DEGs_Downregulated_Project_TCGA-PRAD
F12,GDC_DEGs_Upregulated_Project_TCGA-PRAD
F2RL2,GDC_DEGs_Upregulated_Project_TCGA-PRAD
FABP5,GDC_DEGs_Upregulated_Project_TCGA-PRAD
FAM110C,GDC_DEGs_Downregulated_Project_TCGA-PRAD
FAM163A,GDC_DEGs_Downregulated_Project_TCGA-PRAD
FAM163B,GDC_DEGs_Downregulated_Project_TCGA-PRAD
FAM167A,GDC_DEGs_Downregulated_Project_TCGA-PRAD
FAM83A,GDC_DEGs_Downregulated_Project_TCGA-PRAD
FAM83B,GDC_DEGs_Downregulated_Project_TCGA-PRAD
FAM83C,GDC_DEGs_Downregulated_Project_TCGA-PRAD
FBP2,GDC_DEGs_Downregulated_Project_TCGA-PRAD
FEZF1,GDC_DEGs_Upregulated_Project_TCGA-PRAD
FEZF2,GDC_DEGs_Upregulated_Project_TCGA-PRAD
FGA,GDC_DEGs_Upregulated_Project_TCGA-PRAD
FGB,GDC_DEGs_Upregulated_Project_TCGA-PRAD
FGL1,GDC_DEGs_Upregulated_Project_TCGA-PRAD
FNDC10,GDC_DEGs_Upregulated_Project_TCGA-PRAD
FOLR1,GDC_DEGs_Downregulated_Project_TCGA-PRAD
FOXB1,GDC_DEGs_Upregulated_Project_TCGA-PRAD
FOXB2,GDC_DEGs_Upregulated_Project_TCGA-PRAD
FOXD1,GDC_DEGs_Upregulated_Project_TCGA-PRAD
FOXG1,GDC_DEGs_Upregulated_Project_TCGA-PRAD
FOXI1,GDC_DEGs_Downregulated_Project_TCGA-PRAD
FOXI2,GDC_DEGs_Downregulated_Project_TCGA-PRAD
FOXL2,GDC_DEGs_Upregulated_Project_TCGA-PRAD
FOXN4,GDC_DEGs_Upregulated_Project_TCGA-PRAD
FOXQ1,GDC_DEGs_Downregulated_Project_TCGA-PRAD
FRMD3,GDC_DEGs_Downregulated_Project_TCGA-PRAD
FUT3,GDC_DEGs_Downregulated_Project_TCGA-PRAD
FUT6,GDC_DEGs_Downregulated_Project_TCGA-PRAD
G0S2,GDC_DEGs_Downregulated_Project_TCGA-PRAD
GAL,GDC_DEGs_Upregulated_Project_TCGA-PRAD
GAS2L2,GDC_DEGs_Downregulated_Project_TCGA-PRAD
GATA3,GDC_DEGs_Downregulated_Project_TCGA-PRAD
GC,GDC_DEGs_Upregulated_Project_TCGA-PRAD
GCNT4,GDC_DEGs_Downregulated_Project_TCGA-PRAD
GJA3,GDC_DEGs_Upregulated_Project_TCGA-PRAD
GJB4,GDC_DEGs_Downregulated_Project_TCGA-PRAD
GKN1,GDC_DEGs_Downregulated_Project_TCGA-PRAD
GLIS3,GDC_DEGs_Downregulated_Project_TCGA-PRAD
GLYATL1B,GDC_DEGs_Upregulated_Project_TCGA-PRAD
GLYATL3,GDC_DEGs_Upregulated_Project_TCGA-PRAD
GMNC,GDC_DEGs_Upregulated_Project_TCGA-PRAD
GNAO1,GDC_DEGs_Downregulated_Project_TCGA-PRAD
GNG13,GDC_DEGs_Upregulated_Project_TCGA-PRAD
GPD1,GDC_DEGs_Downregulated_Project_TCGA-PRAD
GPR149,GDC_DEGs_Downregulated_Project_TCGA-PRAD
GPRC6A,GDC_DEGs_Downregulated_Project_TCGA-PRAD
GPX2,GDC_DEGs_Downregulated_Project_TCGA-PRAD
GPX6,GDC_DEGs_Downregulated_Project_TCGA-PRAD
GRIN3A,GDC_DEGs_Upregulated_Project_TCGA-PRAD
GRPR,GDC_DEGs_Upregulated_Project_TCGA-PRAD
GRXCR1,GDC_DEGs_Downregulated_Project_TCGA-PRAD
GSTA2,GDC_DEGs_Downregulated_Project_TCGA-PRAD
GSTA3,GDC_DEGs_Upregulated_Project_TCGA-PRAD
GSTM1,GDC_DEGs_Downregulated_Project_TCGA-PRAD
GSTM3,GDC_DEGs_Downregulated_Project_TCGA-PRAD
GSTP1,GDC_DEGs_Downregulated_Project_TCGA-PRAD
H1-4,GDC_DEGs_Upregulated_Project_TCGA-PRAD
H1-5,GDC_DEGs_Upregulated_Project_TCGA-PRAD
H2AC12,GDC_DEGs_Upregulated_Project_TCGA-PRAD
H2AC14,GDC_DEGs_Upregulated_Project_TCGA-PRAD
H2AC4,GDC_DEGs_Upregulated_Project_TCGA-PRAD
H2BC14,GDC_DEGs_Upregulated_Project_TCGA-PRAD
H3C11,GDC_DEGs_Upregulated_Project_TCGA-PRAD
H3C2,GDC_DEGs_Upregulated_Project_TCGA-PRAD
H4C2,GDC_DEGs_Upregulated_Project_TCGA-PRAD
H4C4,GDC_DEGs_Upregulated_Project_TCGA-PRAD
H4C5,GDC_DEGs_Upregulated_Project_TCGA-PRAD
HABP2,GDC_DEGs_Upregulated_Project_TCGA-PRAD
HAO1,GDC_DEGs_Upregulated_Project_TCGA-PRAD
HBQ1,GDC_DEGs_Upregulated_Project_TCGA-PRAD
HCAR2,GDC_DEGs_Downregulated_Project_TCGA-PRAD
HCAR3,GDC_DEGs_Downregulated_Project_TCGA-PRAD
HELT,GDC_DEGs_Upregulated_Project_TCGA-PRAD
HJURP,GDC_DEGs_Upregulated_Project_TCGA-PRAD
HMX1,GDC_DEGs_Upregulated_Project_TCGA-PRAD
HNF1A,GDC_DEGs_Upregulated_Project_TCGA-PRAD
HOXB4,GDC_DEGs_Downregulated_Project_TCGA-PRAD
HOXB5,GDC_DEGs_Downregulated_Project_TCGA-PRAD
HOXB6,GDC_DEGs_Downregulated_Project_TCGA-PRAD
HOXB7,GDC_DEGs_Downregulated_Project_TCGA-PRAD
HOXB8,GDC_DEGs_Downregulated_Project_TCGA-PRAD
HOXB9,GDC_DEGs_Downregulated_Project_TCGA-PRAD
HOXC12,GDC_DEGs_Upregulated_Project_TCGA-PRAD
HOXC13,GDC_DEGs_Upregulated_Project_TCGA-PRAD
HOXC4,GDC_DEGs_Upregulated_Project_TCGA-PRAD
HOXC5,GDC_DEGs_Upregulated_Project_TCGA-PRAD
HOXC6,GDC_DEGs_Upregulated_Project_TCGA-PRAD
HOXD3,GDC_DEGs_Downregulated_Project_TCGA-PRAD
HPCAL4,GDC_DEGs_Downregulated_Project_TCGA-PRAD
HPN,GDC_DEGs_Upregulated_Project_TCGA-PRAD
HRG,GDC_DEGs_Upregulated_Project_TCGA-PRAD
HS3ST5,GDC_DEGs_Downregulated_Project_TCGA-PRAD
HSD17B13,GDC_DEGs_Downregulated_Project_TCGA-PRAD
HSPA6,GDC_DEGs_Downregulated_Project_TCGA-PRAD
HTR1A,GDC_DEGs_Downregulated_Project_TCGA-PRAD
HTR1E,GDC_DEGs_Downregulated_Project_TCGA-PRAD
IAPP,GDC_DEGs_Upregulated_Project_TCGA-PRAD
IBSP,GDC_DEGs_Upregulated_Project_TCGA-PRAD
IGFBP1,GDC_DEGs_Upregulated_Project_TCGA-PRAD
IGSF1,GDC_DEGs_Downregulated_Project_TCGA-PRAD
IL1A,GDC_DEGs_Downregulated_Project_TCGA-PRAD
IL1F10,GDC_DEGs_Upregulated_Project_TCGA-PRAD
IL1RL1,GDC_DEGs_Downregulated_Project_TCGA-PRAD
IL20,GDC_DEGs_Downregulated_Project_TCGA-PRAD
IL36RN,GDC_DEGs_Upregulated_Project_TCGA-PRAD
INSM2,GDC_DEGs_Upregulated_Project_TCGA-PRAD
INSYN2B,GDC_DEGs_Downregulated_Project_TCGA-PRAD
ISG15,GDC_DEGs_Upregulated_Project_TCGA-PRAD
ITLN1,GDC_DEGs_Downregulated_Project_TCGA-PRAD
IVL,GDC_DEGs_Downregulated_Project_TCGA-PRAD
JPH4,GDC_DEGs_Downregulated_Project_TCGA-PRAD
KCNA4,GDC_DEGs_Downregulated_Project_TCGA-PRAD
KCNF1,GDC_DEGs_Downregulated_Project_TCGA-PRAD
KCNG3,GDC_DEGs_Upregulated_Project_TCGA-PRAD
KCNH5,GDC_DEGs_Downregulated_Project_TCGA-PRAD
KCNJ1,GDC_DEGs_Downregulated_Project_TCGA-PRAD
KCNJ13,GDC_DEGs_Downregulated_Project_TCGA-PRAD
KCNJ15,GDC_DEGs_Downregulated_Project_TCGA-PRAD
KCNJ16,GDC_DEGs_Downregulated_Project_TCGA-PRAD
KCNJ5,GDC_DEGs_Downregulated_Project_TCGA-PRAD
KCNK10,GDC_DEGs_Downregulated_Project_TCGA-PRAD
KCNS1,GDC_DEGs_Downregulated_Project_TCGA-PRAD
KCP,GDC_DEGs_Downregulated_Project_TCGA-PRAD
KIRREL3,GDC_DEGs_Downregulated_Project_TCGA-PRAD
KISS1R,GDC_DEGs_Upregulated_Project_TCGA-PRAD
KLHL14,GDC_DEGs_Downregulated_Project_TCGA-PRAD
KLHL4,GDC_DEGs_Downregulated_Project_TCGA-PRAD
KLK12,GDC_DEGs_Upregulated_Project_TCGA-PRAD
KLK14,GDC_DEGs_Upregulated_Project_TCGA-PRAD
KLK15,GDC_DEGs_Upregulated_Project_TCGA-PRAD
KNG1,GDC_DEGs_Upregulated_Project_TCGA-PRAD
KRT13,GDC_DEGs_Downregulated_Project_TCGA-PRAD
KRT16,GDC_DEGs_Downregulated_Project_TCGA-PRAD
KRT20,GDC_DEGs_Upregulated_Project_TCGA-PRAD
KRT222,GDC_DEGs_Downregulated_Project_TCGA-PRAD
KRT24,GDC_DEGs_Downregulated_Project_TCGA-PRAD
KRT27,GDC_DEGs_Downregulated_Project_TCGA-PRAD
KRT3,GDC_DEGs_Downregulated_Project_TCGA-PRAD
KRT4,GDC_DEGs_Downregulated_Project_TCGA-PRAD
KRT72,GDC_DEGs_Upregulated_Project_TCGA-PRAD
KRT73,GDC_DEGs_Upregulated_Project_TCGA-PRAD
KRTAP13-2,GDC_DEGs_Upregulated_Project_TCGA-PRAD
KRTAP20-4,GDC_DEGs_Upregulated_Project_TCGA-PRAD
KRTAP5-1,GDC_DEGs_Upregulated_Project_TCGA-PRAD
KY,GDC_DEGs_Downregulated_Project_TCGA-PRAD
LBX1,GDC_DEGs_Upregulated_Project_TCGA-PRAD
LCE1C,GDC_DEGs_Downregulated_Project_TCGA-PRAD
LCN1,GDC_DEGs_Downregulated_Project_TCGA-PRAD
LCN15,GDC_DEGs_Downregulated_Project_TCGA-PRAD
LCN8,GDC_DEGs_Downregulated_Project_TCGA-PRAD
LECT2,GDC_DEGs_Downregulated_Project_TCGA-PRAD
LGR6,GDC_DEGs_Downregulated_Project_TCGA-PRAD
LHX1,GDC_DEGs_Downregulated_Project_TCGA-PRAD
LHX2,GDC_DEGs_Upregulated_Project_TCGA-PRAD
LINC00634,GDC_DEGs_Upregulated_Project_TCGA-PRAD
LINGO2,GDC_DEGs_Downregulated_Project_TCGA-PRAD
LIPF,GDC_DEGs_Upregulated_Project_TCGA-PRAD
LIPG,GDC_DEGs_Downregulated_Project_TCGA-PRAD
LMO3,GDC_DEGs_Downregulated_Project_TCGA-PRAD
LMX1B,GDC_DEGs_Upregulated_Project_TCGA-PRAD
LPL,GDC_DEGs_Downregulated_Project_TCGA-PRAD
LRCOL1,GDC_DEGs_Downregulated_Project_TCGA-PRAD
LRRC3B,GDC_DEGs_Downregulated_Project_TCGA-PRAD
LRRTM3,GDC_DEGs_Downregulated_Project_TCGA-PRAD
LVRN,GDC_DEGs_Downregulated_Project_TCGA-PRAD
LY6D,GDC_DEGs_Downregulated_Project_TCGA-PRAD
LYVE1,GDC_DEGs_Downregulated_Project_TCGA-PRAD
LYZL1,GDC_DEGs_Downregulated_Project_TCGA-PRAD
MAGEA1,GDC_DEGs_Upregulated_Project_TCGA-PRAD
MAGEA11,GDC_DEGs_Downregulated_Project_TCGA-PRAD
MAGEA12,GDC_DEGs_Upregulated_Project_TCGA-PRAD
MAGEA3,GDC_DEGs_Upregulated_Project_TCGA-PRAD
MAGEA6,GDC_DEGs_Upregulated_Project_TCGA-PRAD
MAGEC1,GDC_DEGs_Upregulated_Project_TCGA-PRAD
MAGEC2,GDC_DEGs_Upregulated_Project_TCGA-PRAD
MARCHF11,GDC_DEGs_Upregulated_Project_TCGA-PRAD
MATK,GDC_DEGs_Upregulated_Project_TCGA-PRAD
MATN4,GDC_DEGs_Downregulated_Project_TCGA-PRAD
MCF2,GDC_DEGs_Downregulated_Project_TCGA-PRAD
MEI4,GDC_DEGs_Downregulated_Project_TCGA-PRAD
MFSD2A,GDC_DEGs_Downregulated_Project_TCGA-PRAD
MGAM,GDC_DEGs_Downregulated_Project_TCGA-PRAD
MGAT4C,GDC_DEGs_Downregulated_Project_TCGA-PRAD
MIOX,GDC_DEGs_Upregulated_Project_TCGA-PRAD
MMP26,GDC_DEGs_Upregulated_Project_TCGA-PRAD
MNX1,GDC_DEGs_Upregulated_Project_TCGA-PRAD
MOV10L1,GDC_DEGs_Upregulated_Project_TCGA-PRAD
MRO,GDC_DEGs_Downregulated_Project_TCGA-PRAD
MSLN,GDC_DEGs_Downregulated_Project_TCGA-PRAD
MUC15,GDC_DEGs_Downregulated_Project_TCGA-PRAD
MUC21,GDC_DEGs_Downregulated_Project_TCGA-PRAD
MUC6,GDC_DEGs_Downregulated_Project_TCGA-PRAD
MYBL2,GDC_DEGs_Upregulated_Project_TCGA-PRAD
MYH13,GDC_DEGs_Upregulated_Project_TCGA-PRAD
MYH6,GDC_DEGs_Downregulated_Project_TCGA-PRAD
MYLK,GDC_DEGs_Downregulated_Project_TCGA-PRAD
NDRG4,GDC_DEGs_Downregulated_Project_TCGA-PRAD
NEFM,GDC_DEGs_Downregulated_Project_TCGA-PRAD
NETO1,GDC_DEGs_Upregulated_Project_TCGA-PRAD
NETO2,GDC_DEGs_Upregulated_Project_TCGA-PRAD
NEUROG2,GDC_DEGs_Upregulated_Project_TCGA-PRAD
NKAIN1,GDC_DEGs_Upregulated_Project_TCGA-PRAD
NKX2-2,GDC_DEGs_Upregulated_Project_TCGA-PRAD
NKX2-3,GDC_DEGs_Upregulated_Project_TCGA-PRAD
NKX2-5,GDC_DEGs_Upregulated_Project_TCGA-PRAD
NKX6-1,GDC_DEGs_Upregulated_Project_TCGA-PRAD
NKX6-3,GDC_DEGs_Upregulated_Project_TCGA-PRAD
NLRP12,GDC_DEGs_Upregulated_Project_TCGA-PRAD
NLRP13,GDC_DEGs_Upregulated_Project_TCGA-PRAD
NOL4,GDC_DEGs_Upregulated_Project_TCGA-PRAD
NPFFR2,GDC_DEGs_Downregulated_Project_TCGA-PRAD
NPY,GDC_DEGs_Upregulated_Project_TCGA-PRAD
NR2E1,GDC_DEGs_Upregulated_Project_TCGA-PRAD
NUTM2F,GDC_DEGs_Upregulated_Project_TCGA-PRAD
NWD2,GDC_DEGs_Upregulated_Project_TCGA-PRAD
NXPH1,GDC_DEGs_Upregulated_Project_TCGA-PRAD
NXPH2,GDC_DEGs_Downregulated_Project_TCGA-PRAD
NYX,GDC_DEGs_Downregulated_Project_TCGA-PRAD
OLFM4,GDC_DEGs_Downregulated_Project_TCGA-PRAD
ONECUT2,GDC_DEGs_Upregulated_Project_TCGA-PRAD
OOSP2,GDC_DEGs_Upregulated_Project_TCGA-PRAD
OPCML,GDC_DEGs_Downregulated_Project_TCGA-PRAD
OPRPN,GDC_DEGs_Downregulated_Project_TCGA-PRAD
OR10G2,GDC_DEGs_Upregulated_Project_TCGA-PRAD
OR13G1,GDC_DEGs_Upregulated_Project_TCGA-PRAD
OR2B6,GDC_DEGs_Upregulated_Project_TCGA-PRAD
OR2H1,GDC_DEGs_Upregulated_Project_TCGA-PRAD
OR2J3,GDC_DEGs_Upregulated_Project_TCGA-PRAD
OR51A4,GDC_DEGs_Upregulated_Project_TCGA-PRAD
OR51A7,GDC_DEGs_Upregulated_Project_TCGA-PRAD
OR51C1P,GDC_DEGs_Upregulated_Project_TCGA-PRAD
OR51D1,GDC_DEGs_Upregulated_Project_TCGA-PRAD
OR51E2,GDC_DEGs_Upregulated_Project_TCGA-PRAD
OR51F1,GDC_DEGs_Upregulated_Project_TCGA-PRAD
OR51F2,GDC_DEGs_Upregulated_Project_TCGA-PRAD
OR51G2,GDC_DEGs_Upregulated_Project_TCGA-PRAD
OR51L1,GDC_DEGs_Upregulated_Project_TCGA-PRAD
OR51S1,GDC_DEGs_Upregulated_Project_TCGA-PRAD
OR51T1,GDC_DEGs_Upregulated_Project_TCGA-PRAD
OR52I1,GDC_DEGs_Upregulated_Project_TCGA-PRAD
OR52R1,GDC_DEGs_Upregulated_Project_TCGA-PRAD
OR5AU1,GDC_DEGs_Downregulated_Project_TCGA-PRAD
OR5B2,GDC_DEGs_Upregulated_Project_TCGA-PRAD
OR6F1,GDC_DEGs_Upregulated_Project_TCGA-PRAD
OTP,GDC_DEGs_Upregulated_Project_TCGA-PRAD
OTX1,GDC_DEGs_Upregulated_Project_TCGA-PRAD
OVCH2,GDC_DEGs_Downregulated_Project_TCGA-PRAD
PADI3,GDC_DEGs_Downregulated_Project_TCGA-PRAD
PAEP,GDC_DEGs_Downregulated_Project_TCGA-PRAD
PALM3,GDC_DEGs_Downregulated_Project_TCGA-PRAD
PANX3,GDC_DEGs_Upregulated_Project_TCGA-PRAD
PAQR6,GDC_DEGs_Upregulated_Project_TCGA-PRAD
PAQR8,GDC_DEGs_Downregulated_Project_TCGA-PRAD
PATE1,GDC_DEGs_Downregulated_Project_TCGA-PRAD
PATE2,GDC_DEGs_Downregulated_Project_TCGA-PRAD
PATE3,GDC_DEGs_Downregulated_Project_TCGA-PRAD
PATE4,GDC_DEGs_Downregulated_Project_TCGA-PRAD
PAX1,GDC_DEGs_Upregulated_Project_TCGA-PRAD
PAX2,GDC_DEGs_Downregulated_Project_TCGA-PRAD
PAX8,GDC_DEGs_Downregulated_Project_TCGA-PRAD
PCP4L1,GDC_DEGs_Downregulated_Project_TCGA-PRAD
PDE1C,GDC_DEGs_Downregulated_Project_TCGA-PRAD
PDIA2,GDC_DEGs_Upregulated_Project_TCGA-PRAD
PDK4,GDC_DEGs_Downregulated_Project_TCGA-PRAD
PDX1,GDC_DEGs_Upregulated_Project_TCGA-PRAD
PENK,GDC_DEGs_Downregulated_Project_TCGA-PRAD
PGA5,GDC_DEGs_Downregulated_Project_TCGA-PRAD
PHGR1,GDC_DEGs_Upregulated_Project_TCGA-PRAD
PHYHIPL,GDC_DEGs_Downregulated_Project_TCGA-PRAD
PIK3C2G,GDC_DEGs_Downregulated_Project_TCGA-PRAD
PIP,GDC_DEGs_Downregulated_Project_TCGA-PRAD
PLA2G2E,GDC_DEGs_Upregulated_Project_TCGA-PRAD
PLA2G3,GDC_DEGs_Downregulated_Project_TCGA-PRAD
PLA2G4A,GDC_DEGs_Downregulated_Project_TCGA-PRAD
PLAAT1,GDC_DEGs_Downregulated_Project_TCGA-PRAD
PLAAT5,GDC_DEGs_Downregulated_Project_TCGA-PRAD
PLCZ1,GDC_DEGs_Downregulated_Project_TCGA-PRAD
PLPPR5,GDC_DEGs_Downregulated_Project_TCGA-PRAD
PNLIP,GDC_DEGs_Upregulated_Project_TCGA-PRAD
PNMT,GDC_DEGs_Downregulated_Project_TCGA-PRAD
PON3,GDC_DEGs_Downregulated_Project_TCGA-PRAD
POTEB3,GDC_DEGs_Upregulated_Project_TCGA-PRAD
POTEC,GDC_DEGs_Upregulated_Project_TCGA-PRAD
POU3F3,GDC_DEGs_Downregulated_Project_TCGA-PRAD
POU4F1,GDC_DEGs_Upregulated_Project_TCGA-PRAD
PPFIA2,GDC_DEGs_Upregulated_Project_TCGA-PRAD
PPP3R2,GDC_DEGs_Upregulated_Project_TCGA-PRAD
PRAME,GDC_DEGs_Upregulated_Project_TCGA-PRAD
PRDM16,GDC_DEGs_Downregulated_Project_TCGA-PRAD
PRR35,GDC_DEGs_Downregulated_Project_TCGA-PRAD
PRSS1,GDC_DEGs_Downregulated_Project_TCGA-PRAD
PTGES,GDC_DEGs_Downregulated_Project_TCGA-PRAD
PTGS1,GDC_DEGs_Downregulated_Project_TCGA-PRAD
PTGS2,GDC_DEGs_Downregulated_Project_TCGA-PRAD
PYY,GDC_DEGs_Downregulated_Project_TCGA-PRAD
QPRT,GDC_DEGs_Downregulated_Project_TCGA-PRAD
RAD21L1,GDC_DEGs_Downregulated_Project_TCGA-PRAD
RASAL1,GDC_DEGs_Downregulated_Project_TCGA-PRAD
RASL10B,GDC_DEGs_Downregulated_Project_TCGA-PRAD
REG3G,GDC_DEGs_Downregulated_Project_TCGA-PRAD
RHCG,GDC_DEGs_Downregulated_Project_TCGA-PRAD
RHEX,GDC_DEGs_Downregulated_Project_TCGA-PRAD
RNF157,GDC_DEGs_Upregulated_Project_TCGA-PRAD
ROS1,GDC_DEGs_Downregulated_Project_TCGA-PRAD
RPE65,GDC_DEGs_Downregulated_Project_TCGA-PRAD
RPRML,GDC_DEGs_Upregulated_Project_TCGA-PRAD
S100A14,GDC_DEGs_Downregulated_Project_TCGA-PRAD
SAPCD1,GDC_DEGs_Upregulated_Project_TCGA-PRAD
SBSPON,GDC_DEGs_Downregulated_Project_TCGA-PRAD
SCARA5,GDC_DEGs_Downregulated_Project_TCGA-PRAD
SCGB1A1,GDC_DEGs_Downregulated_Project_TCGA-PRAD
SCGB1D4,GDC_DEGs_Downregulated_Project_TCGA-PRAD
SCGB2A2,GDC_DEGs_Upregulated_Project_TCGA-PRAD
SCGB3A1,GDC_DEGs_Downregulated_Project_TCGA-PRAD
SCN11A,GDC_DEGs_Downregulated_Project_TCGA-PRAD
SCN1A,GDC_DEGs_Upregulated_Project_TCGA-PRAD
SEMG1,GDC_DEGs_Downregulated_Project_TCGA-PRAD
SEMG2,GDC_DEGs_Downregulated_Project_TCGA-PRAD
SEPTIN12,GDC_DEGs_Upregulated_Project_TCGA-PRAD
SEPTIN5,GDC_DEGs_Upregulated_Project_TCGA-PRAD
SERPINA11,GDC_DEGs_Upregulated_Project_TCGA-PRAD
SERPINA5,GDC_DEGs_Downregulated_Project_TCGA-PRAD
SERPINB5,GDC_DEGs_Downregulated_Project_TCGA-PRAD
SFRP5,GDC_DEGs_Downregulated_Project_TCGA-PRAD
SFTPC,GDC_DEGs_Downregulated_Project_TCGA-PRAD
SH2D1B,GDC_DEGs_Downregulated_Project_TCGA-PRAD
SHISA8,GDC_DEGs_Upregulated_Project_TCGA-PRAD
SIAH3,GDC_DEGs_Downregulated_Project_TCGA-PRAD
SIM1,GDC_DEGs_Downregulated_Project_TCGA-PRAD
SIM2,GDC_DEGs_Upregulated_Project_TCGA-PRAD
SLC13A2,GDC_DEGs_Downregulated_Project_TCGA-PRAD
SLC16A12,GDC_DEGs_Downregulated_Project_TCGA-PRAD
SLC17A4,GDC_DEGs_Upregulated_Project_TCGA-PRAD
SLC18A2,GDC_DEGs_Downregulated_Project_TCGA-PRAD
SLC18A3,GDC_DEGs_Upregulated_Project_TCGA-PRAD
SLC22A10,GDC_DEGs_Upregulated_Project_TCGA-PRAD
SLC22A31,GDC_DEGs_Upregulated_Project_TCGA-PRAD
SLC24A2,GDC_DEGs_Upregulated_Project_TCGA-PRAD
SLC26A3,GDC_DEGs_Downregulated_Project_TCGA-PRAD
SLC28A3,GDC_DEGs_Downregulated_Project_TCGA-PRAD
SLC2A2,GDC_DEGs_Upregulated_Project_TCGA-PRAD
SLC2A9,GDC_DEGs_Downregulated_Project_TCGA-PRAD
SLC34A2,GDC_DEGs_Downregulated_Project_TCGA-PRAD
SLC39A2,GDC_DEGs_Downregulated_Project_TCGA-PRAD
SLC45A2,GDC_DEGs_Upregulated_Project_TCGA-PRAD
SLC46A2,GDC_DEGs_Downregulated_Project_TCGA-PRAD
SLC6A2,GDC_DEGs_Downregulated_Project_TCGA-PRAD
SLC9A4,GDC_DEGs_Downregulated_Project_TCGA-PRAD
SLCO1A2,GDC_DEGs_Upregulated_Project_TCGA-PRAD
SLCO1B1,GDC_DEGs_Upregulated_Project_TCGA-PRAD
SLCO1B3,GDC_DEGs_Upregulated_Project_TCGA-PRAD
SLCO1B3-SLCO1B7,GDC_DEGs_Upregulated_Project_TCGA-PRAD
SLCO4C1,GDC_DEGs_Downregulated_Project_TCGA-PRAD
SLIT1,GDC_DEGs_Upregulated_Project_TCGA-PRAD
SLITRK3,GDC_DEGs_Downregulated_Project_TCGA-PRAD
SLPI,GDC_DEGs_Downregulated_Project_TCGA-PRAD
SMIM21,GDC_DEGs_Upregulated_Project_TCGA-PRAD
SMIM28,GDC_DEGs_Upregulated_Project_TCGA-PRAD
SMR3A,GDC_DEGs_Downregulated_Project_TCGA-PRAD
SMR3B,GDC_DEGs_Downregulated_Project_TCGA-PRAD
SNAP25,GDC_DEGs_Downregulated_Project_TCGA-PRAD
SOX11,GDC_DEGs_Upregulated_Project_TCGA-PRAD
SOX3,GDC_DEGs_Upregulated_Project_TCGA-PRAD
SP6,GDC_DEGs_Downregulated_Project_TCGA-PRAD
SP9,GDC_DEGs_Upregulated_Project_TCGA-PRAD
SPINK1,GDC_DEGs_Upregulated_Project_TCGA-PRAD
SPINK13,GDC_DEGs_Downregulated_Project_TCGA-PRAD
SPINK2,GDC_DEGs_Downregulated_Project_TCGA-PRAD
SPINT3,GDC_DEGs_Downregulated_Project_TCGA-PRAD
SPON2,GDC_DEGs_Upregulated_Project_TCGA-PRAD
SPRR3,GDC_DEGs_Downregulated_Project_TCGA-PRAD
SPZ1,GDC_DEGs_Upregulated_Project_TCGA-PRAD
SRARP,GDC_DEGs_Upregulated_Project_TCGA-PRAD
SSTR1,GDC_DEGs_Upregulated_Project_TCGA-PRAD
STAC,GDC_DEGs_Downregulated_Project_TCGA-PRAD
STAC2,GDC_DEGs_Downregulated_Project_TCGA-PRAD
SULT2A1,GDC_DEGs_Downregulated_Project_TCGA-PRAD
SULT4A1,GDC_DEGs_Upregulated_Project_TCGA-PRAD
SYT10,GDC_DEGs_Downregulated_Project_TCGA-PRAD
SYT8,GDC_DEGs_Downregulated_Project_TCGA-PRAD
TAS2R38,GDC_DEGs_Upregulated_Project_TCGA-PRAD
TBX10,GDC_DEGs_Upregulated_Project_TCGA-PRAD
TBX4,GDC_DEGs_Downregulated_Project_TCGA-PRAD
TDO2,GDC_DEGs_Upregulated_Project_TCGA-PRAD
TDRD1,GDC_DEGs_Upregulated_Project_TCGA-PRAD
TERT,GDC_DEGs_Upregulated_Project_TCGA-PRAD
TEX13D,GDC_DEGs_Upregulated_Project_TCGA-PRAD
TEX19,GDC_DEGs_Upregulated_Project_TCGA-PRAD
TFAP2B,GDC_DEGs_Downregulated_Project_TCGA-PRAD
TFF2,GDC_DEGs_Downregulated_Project_TCGA-PRAD
TFF3,GDC_DEGs_Upregulated_Project_TCGA-PRAD
TGM4,GDC_DEGs_Downregulated_Project_TCGA-PRAD
TGM5,GDC_DEGs_Downregulated_Project_TCGA-PRAD
THRSP,GDC_DEGs_Downregulated_Project_TCGA-PRAD
TM4SF20,GDC_DEGs_Upregulated_Project_TCGA-PRAD
TMEM114,GDC_DEGs_Downregulated_Project_TCGA-PRAD
TMEM132C,GDC_DEGs_Downregulated_Project_TCGA-PRAD
TMEM171,GDC_DEGs_Downregulated_Project_TCGA-PRAD
TMEM196,GDC_DEGs_Downregulated_Project_TCGA-PRAD
TMEM212,GDC_DEGs_Upregulated_Project_TCGA-PRAD
TMEM213,GDC_DEGs_Downregulated_Project_TCGA-PRAD
TMEM238L,GDC_DEGs_Downregulated_Project_TCGA-PRAD
TMEM249,GDC_DEGs_Upregulated_Project_TCGA-PRAD
TMEM252,GDC_DEGs_Downregulated_Project_TCGA-PRAD
TMEM89,GDC_DEGs_Upregulated_Project_TCGA-PRAD
TMPRSS11A,GDC_DEGs_Downregulated_Project_TCGA-PRAD
TNFSF11,GDC_DEGs_Downregulated_Project_TCGA-PRAD
TNMD,GDC_DEGs_Downregulated_Project_TCGA-PRAD
TNN,GDC_DEGs_Upregulated_Project_TCGA-PRAD
TRH,GDC_DEGs_Downregulated_Project_TCGA-PRAD
TRIM31,GDC_DEGs_Downregulated_Project_TCGA-PRAD
TRIM49,GDC_DEGs_Upregulated_Project_TCGA-PRAD
TRIM9,GDC_DEGs_Downregulated_Project_TCGA-PRAD
TRPM3,GDC_DEGs_Downregulated_Project_TCGA-PRAD
TRPM5,GDC_DEGs_Downregulated_Project_TCGA-PRAD
TSPAN19,GDC_DEGs_Upregulated_Project_TCGA-PRAD
TTR,GDC_DEGs_Upregulated_Project_TCGA-PRAD
TUBB4A,GDC_DEGs_Upregulated_Project_TCGA-PRAD
TWIST1,GDC_DEGs_Upregulated_Project_TCGA-PRAD
UCN,GDC_DEGs_Upregulated_Project_TCGA-PRAD
UGT1A3,GDC_DEGs_Upregulated_Project_TCGA-PRAD
UGT2B11,GDC_DEGs_Upregulated_Project_TCGA-PRAD
UGT2B4,GDC_DEGs_Upregulated_Project_TCGA-PRAD
UGT2B7,GDC_DEGs_Downregulated_Project_TCGA-PRAD
UGT3A1,GDC_DEGs_Downregulated_Project_TCGA-PRAD
ULBP1,GDC_DEGs_Upregulated_Project_TCGA-PRAD
UNC5A,GDC_DEGs_Upregulated_Project_TCGA-PRAD
UNC5B,GDC_DEGs_Downregulated_Project_TCGA-PRAD
VAX1,GDC_DEGs_Upregulated_Project_TCGA-PRAD
VWA5B2,GDC_DEGs_Downregulated_Project_TCGA-PRAD
WFDC10A,GDC_DEGs_Downregulated_Project_TCGA-PRAD
WFDC2,GDC_DEGs_Downregulated_Project_TCGA-PRAD
WFDC8,GDC_DEGs_Downregulated_Project_TCGA-PRAD
WFDC9,GDC_DEGs_Downregulated_Project_TCGA-PRAD
WIF1,GDC_DEGs_Downregulated_Project_TCGA-PRAD
WNT9B,GDC_DEGs_Downregulated_Project_TCGA-PRAD
ZBBX,GDC_DEGs_Upregulated_Project_TCGA-PRAD
ZIC2,GDC_DEGs_Upregulated_Project_TCGA-PRAD
ZIC3,GDC_DEGs_Upregulated_Project_TCGA-PRAD
ZIC5,GDC_DEGs_Upregulated_Project_TCGA-PRAD
ZMYND10,GDC_DEGs_Upregulated_Project_TCGA-PRAD
ZNF185,GDC_DEGs_Downregulated_Project_TCGA-PRAD
ZNF556,GDC_DEGs_Upregulated_Project_TCGA-PRAD
ZNF560,GDC_DEGs_Upregulated_Project_TCGA-PRAD
ZP1,GDC_DEGs_Upregulated_Project_TCGA-PRAD
ZSCAN4,GDC_DEGs_Downregulated_Project_TCGA-PRAD
