PathwayID,Library Source,Gene_1,Gene_2,Gene_3,Gene_4,Gene_5,Gene_6,Gene_7,Gene_8,Gene_9,Gene_10,Gene_11,Gene_12,Gene_13,Gene_14,Gene_15,Gene_16,Gene_17,Gene_18,Gene_19,Gene_20,Gene_21,Gene_22,Gene_23,Gene_24,Gene_25,Gene_26,Gene_27,Gene_28,Gene_29,Gene_30,Gene_31,Gene_32,Gene_33,Gene_34,Gene_35,Gene_36,Gene_37,Gene_38,Gene_39,Gene_40,Gene_41,Gene_42,Gene_43,Gene_44,Gene_45,Gene_46,Gene_47,Gene_48,Gene_49,Gene_50,Gene_51,Gene_52,Gene_53,Gene_54,Gene_55,Gene_56,Gene_57,Gene_58,Gene_59,Gene_60,Gene_61,Gene_62,Gene_63,Gene_64,Gene_65,Gene_66,Gene_67,Gene_68,Gene_69,Gene_70,Gene_71,Gene_72,Gene_73,Gene_74,Gene_75,Gene_76,Gene_77,Gene_78,Gene_79,Gene_80,Gene_81,Gene_82,Gene_83,Gene_84,Gene_85,Gene_86,Gene_87,Gene_88,Gene_89,Gene_90,Gene_91,Gene_92,Gene_93,Gene_94,Gene_95,Gene_96,Gene_97,Gene_98,Gene_99,Gene_100,Gene_101,Gene_102,Gene_103,Gene_104,Gene_105,Gene_106,Gene_107,Gene_108,Gene_109,Gene_110,Gene_111,Gene_112,Gene_113,Gene_114,Gene_115,Gene_116,Gene_117,Gene_118,Gene_119,Gene_120,Gene_121,Gene_122,Gene_123,Gene_124,Gene_125,Gene_126,Gene_127,Gene_128,Gene_129,Gene_130,Gene_131,Gene_132,Gene_133,Gene_134,Gene_135,Gene_136,Gene_137,Gene_138,Gene_139,Gene_140,Gene_141,Gene_142,Gene_143,Gene_144,Gene_145,Gene_146,Gene_147,Gene_148,Gene_149,Gene_150,Gene_151,Gene_152,Gene_153,Gene_154,Gene_155,Gene_156,Gene_157,Gene_158,Gene_159,Gene_160,Gene_161,Gene_162,Gene_163,Gene_164,Gene_165,Gene_166,Gene_167,Gene_168,Gene_169,Gene_170,Gene_171,Gene_172,Gene_173,Gene_174,Gene_175,Gene_176,Gene_177,Gene_178,Gene_179,Gene_180,Gene_181,Gene_182,Gene_183,Gene_184,Gene_185,Gene_186,Gene_187,Gene_188,Gene_189,Gene_190,Gene_191,Gene_192,Gene_193,Gene_194,Gene_195,Gene_196,Gene_197,Gene_198,Gene_199,Gene_200
HALLMARK_E2F_TARGETS,h.all.v2023.2.Hs.symbols,CDC25B,ANP32E,SRSF2,SRSF1,DIAPH3,MELK,ILF3,CHEK2,NOLC1,STMN1,WEE1,MCM7,ATAD2,STAG1,AURKB,CTCF,E2F8,SMC3,MXD3,SSRP1,RPA2,DEPDC1,NCAPD2,SUV39H1,CDCA8,CCNB2,LMNB1,CDK1,MLH1,POLA2,BRCA2,AURKA,TIPIN,NOP56,RAD51C,HMMR,JPT1,POP7,POLD3,PRIM2,BARD1,MYBL2,TRA2B,PMS2,TUBB,PTTG1,SMC4,BRMS1L,RFC3,RPA3,RFC2,GINS4,MKI67,NBN,NUDT21,CTPS1,MCM4,MCM2,MYC,CDKN2A,NASP,DSCC1,GSPT1,GINS1,KIF2C,NUP107,KIF22,LIG1,TCF19,EIF2S1,TACC3,UBR7,EED,MTHFD2,SPC25,NAA38,NUP205,PSMC3IP,MRE11,CDKN2C,CKS2,TUBG1,RAD21,CDCA3,PAICS,CDKN1A,DEK,DDX39A,LBR,TIMELESS,SPAG5,POLE4,MCM6,RNASEH2A,EZH2,USP1,NAP1L1,RPA1,ZW10,PRDX4,POLD2,CDC25A,MMS22L,PHF5A,SYNCRIP,CKS1B,H2AX,RAN,CIT,PAN2,TOP2A,POLE,ASF1B,LUC7L3,CHEK1,XPO1,PPM1D,CNOT9,LYAR,PSIP1,DCLRE1B,UNG,ORC2,HUS1,CBX5,CDKN3,PNN,MCM3,CDK4,XRCC6,TBRG4,CCNE1,UBE2S,PCNA,HMGB3,RFC1,CCP110,DUT,BUB1B,RACGAP1,SLBP,DCK,PLK1,RAD51AP1,KIF4A,HMGB2,UBE2T,HMGA1,PLK4,WDR90,BIRC5,MAD2L1,H2AZ1,SPC24,POLD1,NUP153,HNRNPD,CSE1L,MCM5,TK1,RAD50,TMPO,MSH2,RAD1,DCTPP1,AK2,BRCA1,CDKN1B,PRPS1,DNMT1,PPP1R8,CDC20,KPNA2,PRKDC,TRIP13,CENPM,TP53,SHMT1,GINS3,PDS5B,HELLS,SNRPB,ESPL1,ING3,ASF1A,DONSON,IPO7,RRM2,PA2G4,EXOSC8,RANBP1,SMC1A,KIF18B,SMC6,CENPE,NME1,TFRC,DLGAP5,RBBP7,ORC6
HALLMARK_TNFA_SIGNALING_VIA_NFKB,h.all.v2023.2.Hs.symbols,SLC16A6,CCL2,TNFAIP8,IRS2,PER1,PTGER4,G0S2,FOSL2,MCL1,LDLR,RIGI,SQSTM1,EGR2,MAFF,MSC,CSF1,CLCF1,CCL20,JUNB,PANX1,BIRC3,BTG3,PFKFB3,SNN,TNFSF9,MARCKS,PDE4B,CFLAR,NFAT5,TNFAIP6,CXCL1,CSF2,FOSB,GPR183,TNIP2,ZBTB10,NINJ1,DUSP4,RELA,REL,TNF,LIF,EGR3,ABCA1,SLC2A6,TLR2,PTX3,GFPT2,PLPP3,BCL3,MXD1,HES1,STAT5A,CCND1,IL1A,SOCS3,ICAM1,MAP2K3,CCNL1,FOS,IL6ST,KLF9,NFKBIE,SERPINB2,BTG1,PTPRE,SGK1,DRAM1,EIF1,SOD2,ACKR3,MYC,EFNA1,IER5,F2RL1,LITAF,DNAJB4,NAMPT,KLF4,ZFP36,FOSL1,TNFAIP2,TSC22D1,SIK1,KDM6B,PTGS2,FJX1,B4GALT1,IL23A,LAMB3,TANK,F3,TNIP1,RNF19B,SLC2A3,IL12B,SAT1,TNFRSF9,PMEPA1,CDKN1A,KLF6,AREG,CCN1,DUSP1,PNRC1,IFIH1,SDC4,BIRC2,ATF3,ETS2,DENND5A,GCH1,IFIT2,SERPINE1,SPHK1,NR4A2,INHBA,IL18,YRDC,ATP2B1,PHLDA2,FUT4,TNC,TGIF1,VEGFA,BCL6,PLEK,EDN1,PPP1R15A,NR4A3,OLR1,NR4A1,NFKB2,PDLIM5,TIPARP,RHOB,CXCL11,BCL2A1,DUSP2,PLAUR,TUBB2A,NFKB1,RELB,EHD1,CD83,GEM,IRF1,TRIP10,GADD45A,BMP2,B4GALT5,SPSB1,IL1B,JAG1,JUN,PHLDA1,TAP1,CXCL2,SERPINB8,PLAU,BTG2,IL15RA,RIPK2,ZC3H12A,CXCL3,DUSP5,CEBPD,EGR1,IL6,CD44,MAP3K8,CD80,NFE2L2,TNFAIP3,RCAN1,CCRL2,KLF2,IFNGR2,KYNU,GADD45B,CXCL6,HBEGF,SMAD3,CCL4,ICOSLG,CD69,CCL5,IL7R,ID2,IER2,BHLHE40,NFIL3,PLK2,CXCL10,NFKBIA,KLF10,CEBPB,TRIB1,IER3,TRAF1
HALLMARK_EPITHELIAL_MESENCHYMAL_TRANSITION,h.all.v2023.2.Hs.symbols,COL16A1,COL5A3,NOTCH2,DST,IL32,TIMP1,MYL9,MCM7,PVR,PRRX1,FERMT2,FSTL3,TAGLN,DCN,EFEMP2,LOX,SFRP4,MMP2,FZD8,MMP3,EMP3,ELN,CXCL1,COL3A1,SFRP1,CALU,FUCA1,LOXL2,COL5A2,CDH6,COL6A2,ACTA2,ITGA5,COMP,VCAN,LAMA1,PLOD3,MATN2,PTX3,ANPEP,PMP22,TGFBI,CDH11,SERPINE2,MFAP5,ITGB5,HTRA1,CXCL12,SPOCK1,CDH2,GAS1,RGS4,FOXC2,TPM2,PPIB,LGALS1,COLGALT1,VEGFC,GREM1,NID2,PDGFRB,ITGB1,LOXL1,SERPINH1,CAPG,LRP1,SPP1,FGF2,SGCD,OXTR,COL5A1,NTM,VCAM1,COL4A1,PLOD1,TNFRSF12A,TNFRSF11B,BGN,GPX7,SGCG,SLC6A8,FMOD,SAT1,COPA,PMEPA1,TPM4,ECM2,PDLIM4,COL7A1,AREG,MATN3,THY1,CADM1,MGP,ITGA2,CCN1,LUM,LAMA3,FSTL1,TFPI2,MXRA5,PTHLH,SDC4,DKK1,SERPINE1,WNT5A,IL15,LAMA2,INHBA,CAP2,FLNA,PLOD2,FBLN5,MAGEE1,FBLN1,TNC,FBN2,COL6A3,VEGFA,IGFBP3,PCOLCE,THBS1,FBLN2,VIM,QSOX1,SDC1,IGFBP2,CTHRC1,TPM1,DPYSL3,LRRC15,LAMC2,LAMC1,IGFBP4,SLIT3,ABI3BP,BASP1,ECM1,RHOB,SNTB1,PFN2,FAS,PLAUR,BMP1,WIPF1,SGCB,MMP1,EDIL3,FAP,SPARC,TGFB1,GEM,ADAM12,GADD45A,MYLK,PCOLCE2,PRSS2,JUN,GPC1,MMP14,SCG2,GLIPR1,MSX1,SLIT2,NT5E,CD59,COL11A1,SNAI2,IL6,CD44,COL4A2,TNFAIP3,COL8A2,CALD1,ENO2,COL1A2,GADD45B,CCN2,POSTN,TGFBR3,CXCL6,ITGAV,BDNF,P3H1,ITGB3,TIMP3,APLP1,ID2,CXCL8,THBS2,MEST,FBN1,COL1A1,COL12A1,FN1,NNMT,TGM2,DAB2,CRLF1,GJA1
HALLMARK_HYPOXIA,h.all.v2023.2.Hs.symbols,P4HA1,HMOX1,GCNT2,CHST3,IRS2,CAVIN3,NCAN,PIM1,S100A4,TPBG,PPP1R3C,XPNPEP1,FOSL2,DCN,SRPX,SELENBP1,NDRG1,MAFF,RRAGD,GPC4,LOX,PFKFB3,DDIT3,PKP1,PGM1,GYS1,PFKL,SLC2A1,GALK1,PLAC8,GPI,IGFBP1,SULT2B1,PDK3,B3GALT6,PLIN2,DTNA,BNIP3L,FOXO3,TGFBI,MT2A,KDELR3,MT1E,ENO1,SIAH2,PFKP,FOS,HEXA,SDC3,TKTL1,MIF,SAP30,KLHL24,TES,BTG1,AMPD3,KDM3A,STC1,ACKR3,JMJD6,EFNA1,MXI1,TPD52,UGP2,WSB1,LDHA,ERRFI1,PRKCA,BCAN,PAM,ZFP36,FBP1,GBE1,HK2,PGAM2,PHKG1,EXT1,RBPJ,LXN,MYH9,COL5A1,SDC2,HK1,ZNF292,F3,HDLBP,NDST1,BGN,CITED2,CAVIN1,SLC2A3,TMEM45A,NAGK,BCL2,ALDOB,GAPDH,PGM2,CDKN1A,KLF6,PDK1,CDKN1C,PKLR,CCN1,DUSP1,PNRC1,LARGE1,TPST2,SDC4,ATF3,GLRX,SERPINE1,CP,PRDX5,PYGM,ANKZF1,ILVBL,PCK1,PPFIA4,AKAP12,GAPDHS,CCN5,LDHC,ERO1A,GRHPR,SLC2A5,EFNA3,VEGFA,IGFBP3,ANXA2,IDS,CCNG2,NR3C1,CHST2,PPP1R15A,LALBA,HS3ST1,GCK,MAP3K1,INHA,DPYSL4,TIPARP,VLDLR,PLAUR,CAV1,NEDD4L,HAS1,TPI1,CA12,PGF,FAM162A,KIF5A,ISG20,TGFB3,ALDOC,ADORA2B,JUN,NDST2,GPC1,PPARGC1A,PDGFB,ETS1,SCARB1,KLF7,DDIT4,NOCT,SLC37A4,BRS3,EGFR,ATP7A,ANGPTL4,ALDOA,IL6,SLC6A6,HOXB9,CDKN1B,ENO3,STC2,TNFAIP3,ENO2,CSRP2,PGK1,CCN2,HSPA5,ADM,B4GALNT2,EDN2,GPC3,RORA,STBD1,CASP6,AK4,BHLHE40,SLC25A1,NFIL3,VHL,P4HA2,TGM2,GAA,CXCR4,IER3
HALLMARK_UV_RESPONSE_DN,h.all.v2023.2.Hs.symbols,ARHGEF9,ANXA4,NOTCH2,SLC7A1,GRK5,DLC1,AMPH,MAP2K5,ADD3,MMP16,NR1D2,LDLR,TFPI,TGFBR2,CDON,WDR37,BMPR1A,GCNT1,ATP2B4,CDC42BPA,MTA1,SYNE1,RXRA,COL3A1,PIK3CD,COL5A2,MGMT,FZD2,ATP2C1,DLG1,KIT,BCKDHB,PMP22,PLPP3,SIPA1L1,ADGRL2,CACNA1A,SCN8A,LTBP1,PPARG,MT1E,MAP1B,MET,HAS2,RGS4,TJP1,NRP1,ATRX,ATXN1,NIPBL,PTGFR,PIK3R3,PRDM2,CDK13,MYC,RASA2,PDGFRB,ZMIZ1,PRKCA,KCNMA1,ICA1,MRPS31,PHF3,DMAC2L,EFEMP1,SDC2,NFIB,PRKAR2B,F3,INPP4B,IGF1R,CITED2,ACVR2A,SCAF8,FYN,PRKCE,PTPRM,ID1,KALRN,PIAS3,SCHIP1,ABCC1,SPOP,CCN1,CELF2,SLC22A18,DUSP1,MAGI2,SERPINE1,TOGARAM1,FHL2,SYNJ2,CAP2,IRS1,AKT3,ATP2B1,NEK7,FBLN5,APBB2,RBPMS,RUNX1,DDAH1,ANXA2,NR3C1,MGLL,PTPN21,LAMC1,PDLIM5,ERBB2,VAV2,VLDLR,AGGF1,CAV1,DBP,NFKB1,INSIG1,MAPK14,MIOS,ADORA2B,ATRN,YTHDC1,COL11A1,SMAD7,PTEN,SNAI2,SFMBT1,DYRK1A,LPAR1,TENT4A,PEX14,SRI,CDKN1B,COL1A2,IGFBP5,RND3,TGFBR3,SMAD3,BDNF,ITGB3,BHLHE40,COL1A1,PLCB4,DAB2,GJA1,,,,,,,,,,,,,,,,,,,,,,,,,,,,,,,,,,,,,,,,,,,,,,,,,,,,,,,,
HALLMARK_KRAS_SIGNALING_DN,h.all.v2023.2.Hs.symbols,IDUA,ZNF112,FGF22,KLK8,IFNG,IFI44L,BRDT,MTHFR,GPRC5C,TAS2R4,TGFB2,NR6A1,SPTBN2,ZBTB16,CPB1,SNN,PKP1,KRT4,CDH16,ATP4A,CNTFR,HTR1D,GPR19,PCDHB1,PRKN,GDNF,KMT2D,ENTPD7,HSD11B2,TFCP2L1,SHOX2,MFSD6,PRODH,EGF,TCF7L1,UGT2B17,TLX1,CCDC106,ITGB1BP2,TGM1,CCR8,NTF3,BMPR1B,CLPS,IRS4,KRT5,ZC2HC1C,BARD1,AMBN,CLSTN3,IL5,NPY4R,SLC6A14,MX1,UPK3B,STAG3,RSAD2,TFF2,SNCB,SELENOP,VPREB1,YBX2,CPA2,SERPINB2,PTGFR,VPS50,SGK1,SPRR3,CD207,SLC25A23,KCNMB1,MYOT,C5,CKM,SYNPO,P2RX6,ARPP21,GAMT,KRT1,ARHGDIG,RYR1,CDKAL1,LFNG,CYP11B2,DTNB,SCGB1A1,KCNE2,CAPN9,RGS11,CCNA1,IL12B,HTR1B,MYO15A,AKR1B10,CACNA1F,EDAR,SPHK2,TCL1A,TFAP2B,FGFR3,PTPRJ,KCNN1,SCN10A,YPEL1,TENT5C,THRB,P2RY4,KRT15,KLHDC8A,WNT16,CALML5,CELSR2,CLDN16,PNMT,NR4A2,PROP1,TG,SOX10,GRID2,NRIP2,MAST3,CAMK1D,TENM2,ALOX12B,NGB,DLK2,SLC5A5,DCC,OXT,ATP6V1B1,CYP39A1,EDN1,FGGY,ADRA2C,CHST2,KCNQ2,ITIH3,IGFBP2,RYR2,SLC6A3,SLC16A7,FSHB,PAX4,LGALS7,SLC30A3,NOS1,TNNI3,NPHS1,CLDN8,TSHB,ACTC1,COPZ2,SSTR4,MAGIX,PAX3,KLK7,COL2A1,SERPINA10,CPEB3,BTG2,SKIL,EFHD1,PLAG1,GP2,PDK2,TEX15,CALCB,PDCD1,KCND1,MACROH2A2,SMPX,CD80,GTF3C5,RIBC2,THNSL2,SIDT1,SLC38A3,PDE6B,GP1BA,HNF1A,INSL5,MYH7,NUDT11,ABCG4,LYPD3,CHRNG,EDN2,EPHA5,FGF16,MEFV,ABCB11,CACNG1,MSH5,CD40LG,KRT13,ASB7,SLC12A3,SLC29A3,GPR3,COQ8A
HALLMARK_IL6_JAK_STAT3_SIGNALING,h.all.v2023.2.Hs.symbols,HMOX1,PIM1,IL12RB1,PDGFC,PTPN11,IL17RB,LTBR,CSF1,PTPN1,GRB2,SOCS1,CNTFR,CXCL1,CSF2,LTB,IFNGR1,TNF,TLR2,ACVR1B,STAT3,CD36,IL18R1,CXCL9,PIK3R5,IRF9,SOCS3,TYK2,STAM2,CXCL13,IL13RA1,IL6ST,IFNAR1,REG1A,IL2RA,CD14,IL1R1,CCR1,BAK1,IL1R2,TNFRSF12A,TNFRSF21,CCL7,ACVRL1,IL10RB,CSF2RB,HAX1,MYD88,CD9,PTPN2,CRLF2,A2M,CSF2RA,EBI3,IL7,CBL,DNTT,CSF3R,TNFRSF1B,CXCL11,FAS,IL3RA,IL4R,TGFB1,IRF1,IL1B,JUN,OSMR,IL15RA,IL17RA,CXCL3,IL2RG,IL6,CD44,MAP3K8,IFNGR2,INHBE,PF4,ITGB3,PLA2G2A,STAT1,TNFRSF1A,LEPR,STAT2,CXCL10,ITGA4,IL9R,CD38,,,,,,,,,,,,,,,,,,,,,,,,,,,,,,,,,,,,,,,,,,,,,,,,,,,,,,,,,,,,,,,,,,,,,,,,,,,,,,,,,,,,,,,,,,,,,,,,,,,,,,,,,,,,,,,,,
HALLMARK_KRAS_SIGNALING_UP,h.all.v2023.2.Hs.symbols,RBP4,CROT,ATG10,ADGRL4,GPNMB,EPHB2,PRRX1,ADAMDEC1,HOXD11,G0S2,LAT2,ZNF277,CDADC1,WDR33,TRIB2,ALDH1A2,TFPI,F13A1,PLEK2,BIRC3,DOCK2,MTMR10,RETN,SNAP25,USH1C,CSF2,IL1RL2,PPBP,FLT4,FUCA1,CCSER2,SOX9,ZNF639,LIF,NAP1L2,JUP,GFPT2,EREG,BPGM,AKT2,HDAC9,WNT7A,TSPAN13,CLEC4A,IL33,AVL9,NIN,FBXO4,GADD45G,PRDM1,RABGAP1L,TSPAN7,PIGR,ANKH,CD37,CFB,NRP1,CCND2,PSMB8,SCG3,SEMA3B,F2RL1,TMEM100,CAB39L,KLF4,SPP1,CTSS,EVI5,PTGS2,RGS16,PDCD1LG2,MMP9,IKZF1,ST6GAL1,ANO1,MPZL2,LAPTM5,TSPAN1,HKDC1,MYCN,GUCY1A1,EPB41L3,TLR8,ETV1,GALNT3,GNG11,TOR1AIP2,MAP4K1,PTPRR,ALDH1A3,GYPC,SATB1,VWA5A,PTBP2,PRKG2,KIF5C,ITGA2,GABRA3,DNMBP,MMP10,PECAM1,SPON1,PTCD2,GLRX,SPARCL1,ENG,IRF8,TMEM176B,SDCCAG8,MMD,IL10RA,INHBA,NR0B2,ADGRA2,AKAP12,NR1H4,YRDC,TNNT2,H2BC3,TPH1,EMP1,FCER1G,SLPI,ITGB2,ERO1A,IGFBP3,MALL,CSF2RA,LCP1,PEG3,ACE,FGF9,PPP1R15A,CBL,SPRY2,IGF2,LY96,PCSK1N,MAP3K1,MMP11,DUSP6,PCP4,ADAM17,TNFRSF1B,TRAF1,APOD,PLAUR,BTC,CFH,C3AR1,NGF,ITGBL1,CBX8,BMP2,HSD11B1,IL1B,ETV4,CIDEA,PLAU,ETS1,CPE,AMMECR1,TMEM176A,CA2,IL2RG,SERPINA3,RBM4,ANGPTL4,SCG5,GPRC5B,MAFB,CBR4,TNFAIP3,ETV5,USP12,STRN,MAP7,ARG1,PLAT,HBEGF,PRELID3B,CMKLR1,RELN,BTBD3,ANXA10,TMEM158,IL7R,ID2,KCNN4,CFHR2,DCBLD2,CXCL10,SNAP91,ADAM8,CCL20,SCN1B,TRIB1,CXCR4,PLVAP,ABCB1
HALLMARK_MITOTIC_SPINDLE,h.all.v2023.2.Hs.symbols,SORBS2,ALS2,CSNK1D,TUBGCP3,NOTCH2,PCGF5,DST,RHOT2,TSC1,ATG4B,TUBGCP5,SOS1,OPHN1,GEMIN4,ABR,SMC3,CEP250,CEP72,KIF3C,LATS1,DOCK2,MARCKS,BIN1,CDC42BPA,CKAP5,PAFAH1B1,FGD4,NUSAP1,CCNB2,LMNB1,PKD2,ECT2,CDK1,YWHAE,RHOF,BRCA2,AURKA,RABGAP1,TLK1,CD2AP,VCL,ARHGEF3,DLG1,KIF11,RANBP9,CAPZB,CDC42EP4,FLNB,CENPF,HDAC6,SMC4,SSH2,CNTROB,KIFAP3,SAC3D1,ARHGAP10,NIN,KATNB1,DOCK4,RASA1,BCL2L11,TIAM1,KATNA1,ARL8A,SUN2,KLC1,ALMS1,TUBGCP6,PREX1,MAP3K11,MYO1E,RASA2,MAP1S,MARK4,ARHGAP4,KIF5B,NUMA1,FBXO5,CDC42EP2,CENPJ,KIF22,KIF2C,WASF2,SYNPO,APC,MYH9,ARHGAP27,ARHGEF2,CDK5RAP2,PRC1,PPP4R2,SASS6,ITSN1,RICTOR,MYO9B,MYH10,SPTBN1,SPTAN1,KIF23,UXT,PXN,ABL1,ACTN4,ARFIP2,CCDC88A,DYNC1H1,RAPGEF6,CLIP1,NDC80,TPX2,ARHGAP29,CTTN,TAOK2,SHROOM2,RAB3GAP1,SHROOM1,MID1,TOP2A,ARF6,ARHGDIA,KIF20B,TTK,FLNA,BCR,ARHGEF7,ARHGAP5,NEK2,MID1IP1,EZR,CDC42,ABI1,ARHGEF12,FGD6,EPB41,DYNLL2,RAPGEF5,KIF1B,PALLD,ROCK1,KNTC1,TBCD,WASL,RFC1,PDLIM5,KPTN,RACGAP1,INCENP,CNTRL,MAPRE1,SEPTIN9,CLASP1,PCNT,PLK1,WASF1,CDC27,KIF4A,GSN,BIRC5,CEP192,CEP57,PLEKHG2,NCK2,RASAL2,CYTH2,FSCN1,STK38L,LRPPRC,ARAP3,ARHGEF11,NEDD9,ANLN,RALBP1,TUBGCP2,FARP1,PCM1,NF1,NCK1,EPB41L2,CEP131,NET1,CLIP2,KIF15,LLGL1,PIF1,ARFGEF1,KIF3B,BUB1,ESPL1,HOOK3,AKAP13,TUBD1,BCAR1,STAU1,TRIO,SMC1A,TUBA4A,CENPE,CDC42EP1,DLGAP5,
HALLMARK_ANDROGEN_RESPONSE,h.all.v2023.2.Hs.symbols,TNFAIP8,LMAN1,UBE2J1,SEC24D,MAK,DBI,IDI1,HMGCR,ELK4,NDRG1,RRP12,NKX3-1,HMGCS1,XRCC5,SRF,VAPA,ELOVL5,PLPP1,DHCR24,ADRM1,FKBP5,KLK2,ZBTB10,SPDEF,PGM3,KLK3,BMPR1B,KRT8,HPGD,CCND1,FADS1,MAF,ANKH,SELENOP,CENPN,GNAI3,SGK1,CCND3,ARID5B,TPD52,ZMIZ1,LIFR,TSC22D1,AZGP1,B4GALT1,MERTK,INPP4B,RAB4A,GUCY1A1,TMPRSS2,SAT1,ALDH1A3,PMEPA1,ACTN1,UBE2I,PTK2B,TMEM50A,RPS6KA3,GSR,SMS,PIAS1,ELL2,GPD1L,MYL12A,AKAP12,TARP,HOMER2,UAP1,HERC3,SLC26A2,HSD17B14,SORD,NGLY1,XRCC6,ABCC4,PTPN21,STEAP4,SLC38A2,PDLIM5,CAMKK2,DNAJB9,ACSL3,AKT1,INSIG1,B2M,SCD,CDC14B,STK39,APPBP2,ADAMTS1,IQGAP2,MAP7,ITGAV,KRT19,SRP19,H1-0,CDK6,ABHD2,PA2G4,SPCS3,NCOA4,,,,,,,,,,,,,,,,,,,,,,,,,,,,,,,,,,,,,,,,,,,,,,,,,,,,,,,,,,,,,,,,,,,,,,,,,,,,,,,,,,,,,,,,,,,,,,,,,,,
HALLMARK_UV_RESPONSE_UP,h.all.v2023.2.Hs.symbols,ACAA1,HMOX1,GLS,AP2S1,TARS1,SLC25A4,APOM,LYN,PPT1,PSMC3,BID,AQP3,SQSTM1,TACR3,EIF2S3,NPTXR,STARD3,FGF18,FURIN,ONECUT1,JUNB,GPX3,TYRO3,BTG3,CHRNA5,RFC4,DGAT1,FOSB,RASGRP1,CYP1A1,SHOX2,PDAP1,RRAD,CEBPG,ATP6V1C1,DDX21,RAB27A,SELENOW,PRKACA,WIZ,CDC34,CYB5R1,PLCL1,POLR2H,KCNH2,STIP1,PDLIM3,FEN1,ICAM1,PPAT,CCK,FOS,BCL2L11,IL6ST,SPR,GGH,BTG1,ALAS1,CCND3,SOD2,STK25,POLG2,EIF5,PTPRD,FMO1,RPN1,TCHH,CDC5L,BAK1,PRKCD,TGFBRAP1,CYB5B,EPCAM,PPIF,SLC6A8,PPP1R2,RXRB,UROD,KLHDC3,NXF1,CTSV,PARP2,NTRK3,CDKN1C,DNAJA1,RET,CNP,TST,LHX2,CREG1,OLFM1,ATF3,GCH1,H2AX,ARRB2,MAOA,CDK2,NAT1,SULT1A1,TMBIM6,E2F5,NPTX2,SLC6A12,AMD1,CHKA,EPHX1,DLG4,HSPA13,C4BPB,AGO2,CCNE1,IGFBP2,MARK2,CASP3,PRPF3,NR4A1,MAPK8IP2,RHOB,GAL,ABCB1,POLE3,IRF1,HSPA2,HLA-F,HYAL2,BMP2,TAP1,NUP58,COL2A1,CXCL2,HNRNPU,MMP14,BTG2,CDKN2B,GRPEL1,MSX1,SIGMAR1,CA2,MRPL23,ALDOA,IL6,CDO1,NKX2-5,ENO2,MGAT1,ASNS,YKT6,FKBP4,BSG,CLTB,HTR7,CLCN2,TUBA4A,NFKBIA,ATP6V1F,TFRC,GRINA,DNAJB1,,,,,,,,,,,,,,,,,,,,,,,,,,,,,,,,,,,,,,,,,,
HALLMARK_INTERFERON_GAMMA_RESPONSE,h.all.v2023.2.Hs.symbols,IFI35,MVP,AUTS2,CCL2,CMTR1,PNP,IFIT3,ISG15,IFI44L,PIM1,C1S,GBP6,PSMB2,HLA-DMA,APOL6,XCL1,RIGI,HLA-B,IFITM2,TRIM14,TAPBP,CIITA,IFI30,IRF4,PTPN1,P2RY14,ZNFX1,SOCS1,PDE4B,TNFAIP6,USP18,CASP1,HERC6,IFI27,LCP2,MARCHF1,VAMP5,BATF2,ARL4A,DHX58,RTP4,SAMD9L,GZMA,TRAFD1,STAT3,IFNAR2,BPGM,MX1,CXCL9,MT2A,CD40,FCGR1A,IRF9,SOCS3,IL2RB,IRF5,HLA-A,ICAM1,PFKP,RSAD2,ISOC1,CFB,PTPN6,PSMA2,CASP8,C1R,BTG1,ST8SIA4,SELP,CD274,PSMB8,LATS2,SOD2,ARID5B,SLC25A28,OAS2,PARP14,RBCK1,LAP3,TNFSF10,CASP7,NAMPT,PSME2,TRIM21,TNFAIP2,SP110,ITGB7,DDX60,IDO1,CMPK2,PTGS2,TRIM25,OAS3,RNF213,MTHFD2,RIPK1,VCAM1,SLAMF7,PSMB10,HLA-DRB1,CCL7,IFITM3,PARP12,FGL2,CDKN1A,METTL7B,HELZ2,ADAR,GPR18,CSF2RB,PSME1,IRF2,RAPGEF6,RNF31,IFIH1,CD86,MYD88,PTPN2,EPSTI1,GCH1,CD74,IFIT2,IRF8,PELI1,IL15,IL10RA,LY6E,BST2,PSMB9,IFIT1,PSMA3,LYSMD2,IL7,NLRC5,HLA-DQA1,XAF1,VAMP8,CASP3,MX2,EIF4E3,SPPL2A,CXCL11,FAS,UPP1,STAT4,LGALS3BP,BANK1,IL4R,CFH,NFKB1,SECTM1,IRF1,SAMHD1,IL18BP,B2M,IFI44,ISG20,TAP1,WARS1,CASP4,IL15RA,TRIM26,SERPING1,RIPK2,TDRD7,EIF2AK2,TXNIP,ZBP1,JAK2,IL6,SRI,FPR1,IRF7,TNFAIP3,ST3GAL5,NCOA3,PLSCR1,HLA-G,GBP4,SSPN,UBE2L6,CMKLR1,PNPT1,CD69,HIF1A,CCL5,NMI,STAT1,NOD1,PML,OASL,OGFR,STAT2,CXCL10,TOR1B,NFKBIA,NUP93,KLRK1,PLA2G4A,CD38
HALLMARK_DNA_REPAIR,h.all.v2023.2.Hs.symbols,SEC61A1,POLL,PNP,CDA,SDCBP,TAF6,POLR2E,SUPT4H1,MRPL40,NT5C,PRIM1,GMPR2,NME4,SSRP1,RPA2,POLR1H,DAD1,NPR2,PDE4B,UPF3B,MPC2,RFC4,NT5C3A,GTF2H5,VPS28,ADRM1,POLA2,RAD52,CETN2,DGCR8,AAAS,POLD3,POLR1C,POLR2C,COX17,RAD51,POLR2H,POLR3GL,RRM2B,SAC3D1,PDE6G,FEN1,REV3L,RFC3,ZWINT,TAF1C,NFX1,RPA3,RFC2,EDF1,NME3,NUDT21,RFC5,BRF2,POLR2I,LIG1,POLR2J,ADCY6,TAF10,POLD4,CMPK2,ARL6IP1,UMPS,ERCC4,SF3A3,SUPT5H,POLH,TMED2,HCLS1,ERCC8,RBX1,SNAPC4,DGUOK,POLE4,CSTF3,GTF2H1,BOLA2,TK2,POLR2D,TSG101,AGO4,ERCC1,GTF2F1,HPRT1,NELFE,AK1,STX3,ELOA,SRSF6,NELFB,POLR2K,NCBP2,TAF12,CANT1,ADA,GPX4,PCNA,EIF1B,TARBP2,BCAP31,DUT,USP11,ERCC2,TAF9,GSDME,DCTN4,SNAPC5,CLP1,POLR2A,NUDT9,POLR2F,RAE1,ZNF707,RALA,ERCC5,IMPDH2,POLD1,POLB,POLR2G,VPS37B,POLR3C,POLA1,DDB1,POM121,ALYREF,TYMS,XPC,GTF3C5,NELFCD,SURF1,VPS37D,CCNO,ELL,GUK1,APRT,TP53,SMAD5,MPG,RNMT,AK3,ITPA,ERCC3,DDB2,GTF2H3,GTF2B,BCAM,GTF2A2,TAF13,NME1,POLR1D,,,,,,,,,,,,,,,,,,,,,,,,,,,,,,,,,,,,,,,,,,,,,,,,,,
HALLMARK_APOPTOSIS,h.all.v2023.2.Hs.symbols,CDC25B,HMOX1,AVPR1A,EBP,PTK2,WEE1,RHOT2,TIMP1,CTH,PRF1,VDAC2,GPX1,CASP2,PPT1,DNM1L,DCN,BID,MCL1,DAP3,SQSTM1,TGFB2,RNASEL,BMF,GPX3,BIRC3,BTG3,DDIT3,GUCY2D,MMP2,IGFBP6,SC5D,BIK,CFLAR,CASP1,F2R,PEA15,SOD1,FDXR,MGMT,LEF1,RELA,FEZ1,CD2,IFNGR1,TNF,EGR3,EREG,BNIP3L,NEFH,CCND1,IL1A,PLPPR4,ANKH,CLU,CREBBP,BCL2L11,CASP8,CCND2,PPP3R1,SOD2,CASP9,PMAIP1,CD14,PDGFRB,TNFSF10,CASP7,PSEN2,F2,FASLG,IGF2R,BCL2L2,TNFRSF12A,APP,BGN,IFITM3,SPTAN1,MADD,SLC20A1,CCNA1,SAT1,SATB1,CDKN1A,KRT18,PPP2R5B,DNAJA1,RARA,LUM,GSR,BCL10,IER3,ATF3,GCH1,CDK2,DIABLO,TOP2A,IL18,HSPB1,ERBB3,EMP1,ETF1,GSTM1,LMNA,GPX4,PAK1,ROCK1,IFNB1,GNA15,CASP3,BCAP31,ERBB2,BCL2L1,RHOB,FAS,CAV1,AIFM3,PDCD4,IRF1,HMGB2,GSN,GADD45A,BMP2,ISG20,TAP1,IL1B,JUN,CASP4,PSEN1,BTG2,BCL2L10,DAP,DFFA,SMAD7,TXNIP,NEDD9,ANXA1,CD44,IL6,BRCA1,HGF,CDKN1B,CYLD,XIAP,TSPO,ENO2,DNAJC3,GADD45B,TGFBR3,PLAT,CTNNB1,ADD1,TIMP2,H1-0,TIMP3,CD69,CASP6,RETSAT,LGALS3,DPYD,CD38,BAX,PLCB2,,,,,,,,,,,,,,,,,,,,,,,,,,,,,,,,,,,,,,,
HALLMARK_MYC_TARGETS_V1,h.all.v2023.2.Hs.symbols,SNRPA,SRSF2,ACP1,SSB,DHX15,CDC45,SET,SRSF1,HDDC2,UBE2E1,GLO1,NOLC1,NOP16,MCM7,SMARCC1,PSMB2,EIF4E,RSL1D1,SNRPD1,SERBP1,BUB3,AIMP2,SF3B3,G3BP1,EIF3D,FBL,RPL14,ERH,PSMD7,RPS3,UBA2,PWP1,RPS6,RFC4,CBX3,ILF2,COPS5,EEF1B2,CCT2,YWHAE,SNRPB2,NOP56,DDX21,RPS2,VDAC1,HNRNPA2B1,PABPC1,PSMB3,KARS1,NDUFAB1,PSMD3,RPL34,STARD7,TUFM,SRM,PSMA7,TRA2B,LSM7,CCT3,HSP90AB1,TRIM28,CUL1,PSMD14,RRP9,VBP1,PSMA2,ABCE1,CTPS1,MCM4,PPIA,MCM2,MYC,CANX,IFRD1,LDHA,GSPT1,TOMM70,HNRNPR,DDX18,EIF2S1,TCP1,SNRPD3,PSMD1,ODC1,PHB1,CYC1,TFDP1,TARDBP,KPNB1,PRPF31,EIF1AX,EPRS1,HSPD1,PPM1G,CLNS1A,DEK,AP3S1,EIF3B,PSMD8,SLC25A3,CCT7,MCM6,PSMC4,HNRNPC,MRPL9,USP1,NAP1L1,PRDX4,GNL3,POLD2,PSMA4,SYNCRIP,RAN,CDK2,CCNA2,RAD23B,HDAC2,EIF4H,RPS5,YWHAQ,GOT2,EIF4A1,HPRT1,PSMA6,PCBP1,CCT5,ETF1,SNRPD2,SRSF3,CSTF2,XPO1,RPL6,RPL22,ORC2,HSPE1,NCBP2,CDK4,EIF4G2,XRCC6,NCBP1,PCNA,RPL18,XPOT,UBE2L3,DUT,PSMC6,CNBP,PSMA1,CAD,EIF3J,POLE3,TXNL4A,MRPS18B,C1QBP,IARS1,NPM1,MAD2L1,CCT4,H2AZ1,FAM120A,IMPDH2,HNRNPU,RPLP0,SNRPA1,U2AF1,HNRNPD,MCM5,LSM2,HNRNPA1,MRPL23,PRPS2,SSBP1,TYMS,SRSF7,VDAC3,COX5A,CDC20,KPNA2,PGK1,HNRNPA3,NHP2,SNRPG,APEX1,PTGES3,RNPS1,RUVBL2,PABPC4,PA2G4,RACK1,RPS10,EXOSC7,RANBP1,PRDX3,SF3A1,EIF2S2,HDGF,PHB2,NME1,SRPK1,RRM1
HALLMARK_TGF_BETA_SIGNALING,h.all.v2023.2.Hs.symbols,CDKN1C,UBE2D3,SMAD1,SMURF1,BMP2,NOG,TJP1,FKBP1A,SERPINE1,ENG,TRIM33,SKIL,LEFTY2,SMAD7,HDAC1,FURIN,JUNB,SMURF2,BMPR1A,XIAP,CDK9,IFNGR2,NCOR2,MAP3K7,CTNNB1,ID3,APC,RAB31,SMAD3,TGIF1,THBS1,BMPR2,PPM1A,PPP1R15A,WWTR1,HIPK2,LTBP2,TGFBR1,ID2,ACVR1,ARID4B,SLC20A1,SMAD6,SPTBN1,FNTA,BCAR3,KLF10,PMEPA1,RHOA,PPP1CA,CDH1,ID1,SKI,TGFB1,,,,,,,,,,,,,,,,,,,,,,,,,,,,,,,,,,,,,,,,,,,,,,,,,,,,,,,,,,,,,,,,,,,,,,,,,,,,,,,,,,,,,,,,,,,,,,,,,,,,,,,,,,,,,,,,,,,,,,,,,,,,,,,,,,,,,,,,,,,,,,,,,,
HALLMARK_ESTROGEN_RESPONSE_EARLY,h.all.v2023.2.Hs.symbols,NAV2,PODXL,HSPB8,CLDN7,GLA,LRIG1,SYT12,DLC1,INHBB,PRSS23,TPBG,MAPT,SLC24A3,ADD3,MLPH,MYOF,IL17RB,TOB1,KDM4B,AQP3,FDFT1,RRP12,ELF1,HR,FCMR,KAZN,FASN,KCNK5,BLVRB,ELOVL5,CLIC3,DHRS3,NCOR2,RASGRP1,AMFR,SLC7A2,SLC2A1,FKBP5,CBFA2T3,SULT2B1,RAB17,CELSR1,ITPK1,KRT8,TMPRSS3,EGR3,ABAT,PGR,TBC1D30,TFAP2C,FLNB,HES1,RHOD,NBL1,CCND1,ADCY1,CXCL12,MAST4,PAPSS2,NRIP1,PDLIM3,EEIG1,SIAH2,FOS,GREB1,P2RY2,TIAM1,IL6ST,MINDY1,TGIF2,FRK,SLC37A1,BCL11B,SLC39A6,MYC,PMAIP1,TTC39A,CALB2,OPN3,SEMA3B,ABLIM1,UNC119,KLF4,SLC27A2,RAB31,SLC1A4,MED24,B4GALT1,PLAAT3,TUBB2B,WWC1,CYP26B1,SOX3,SH3BP5,IGF1R,DHCR7,SCNN1A,TFF1,PPIF,MED13L,BCL2,TJP3,KRT18,AREG,SLC1A1,OVOL2,BAG1,MYBBP1A,RARA,RET,MSMB,PTGES,OLFM1,SLC7A5,KRT15,RHOBTB3,CELSR2,ELOVL2,FHL2,AKAP1,GFRA1,PEX11A,NPY1R,MPPED2,SLC19A2,SYNGR1,MREG,RPS6KA2,XBP1,CCN5,NADSYN1,ARL3,RAPGEFL1,INPP5F,SLC26A2,NXT1,CANT1,AFF1,FOXC1,TSKU,IGFBP4,NHERF1,TIPARP,TPD52L1,SVIL,ENDOD1,SLC22A5,CA12,SLC16A1,ANXA9,CISH,WFS1,ASB13,MYBL1,RBBP8,OLFML3,SFN,SCARB1,LAD1,ELF3,RETREG1,SNX24,JAK2,PDZK1,CD44,THSD4,FARP1,DHRS2,DYNLT3,MYB,ADCY9,SEC14L2,STC2,ABCA3,REEP1,CHPT1,ESRP2,MUC1,MICB,AR,GAB2,ISG20L2,KRT19,FKBP4,ABHD2,CALCR,KCNK15,TMEM164,UGCG,BHLHE40,ALDH3B1,SYBU,KRT13,DEPTOR,TFF3,KLF10,TGM2,KLK10,GJA1,ZNF185
HALLMARK_P53_PATHWAY,h.all.v2023.2.Hs.symbols,RAB40C,JAG2,HMOX1,PHLDA3,SEC61A1,KLK8,INHBB,H2AC25,S100A4,TM4SF1,HSPA4L,RAD9A,TOB1,NDRG1,RB1,IFI30,PRMT2,TAX1BP3,DDIT3,ZBTB16,SOCS1,TNFSF9,TNNI1,PLXNB2,FBXW7,RXRA,CASP1,TGFA,F2R,FUCA1,ISCU,RRAD,NINJ1,FDXR,RAD51C,VDR,CSRNP2,LIF,ABAT,ZNF365,TRAFD1,ACVR1B,NHLH2,FOXO3,MXD1,CCNG1,PERP,IL1A,IRAK1,FOS,KRT17,SERTAD3,DGKA,ABHD4,CCND2,BTG1,PLK3,PTPRE,DRAM1,NUDT15,CCND3,TRAF4,SP1,IER5,CDKN2A,TCHH,KLF4,AEN,ANKRA2,TSC22D1,TCN2,CDKN2AIP,S100A10,BLCAP,RGS16,HRAS,ZMAT3,BAK1,HEXIM1,STEAP3,PIDD1,PROCR,RPS12,APP,SLC7A11,PITPNC1,RCHY1,NUPR1,FGF13,RNF19B,SLC3A2,POLH,EI24,SAT1,VWA5A,CDKN1A,TSPYL2,CD81,PVT1,RPL36,ZFP36L1,GPX2,IER3,SLC35D1,CEBPA,ATF3,NOTCH1,SPHK1,CTSF,ITGB4,CGRRF1,PPM1D,CLCA2,AK1,EPS8L2,SLC19A2,EPHX1,TP63,TRIB3,OSGIN1,WRAP73,TRIAP1,ADA,ABCC5,SDC1,PPP1R15A,VAMP8,PCNA,RPL18,CYFIP2,PRKAB1,CD82,RALGDS,CCP110,ST14,MDM2,TPD52L1,FAS,UPP1,TPRKB,RRP8,STOM,FAM162A,TGFB1,PTPN14,HINT1,RPS27L,H1-2,DEF6,BMP2,GADD45A,RAP2B,IRAG2,TAP1,JUN,ERCC5,HDAC3,SFN,BTG2,CDKN2B,LDHB,MAPKAPK3,CDH13,DDIT4,PDGFA,GLS2,SESN1,CDK5R1,TXNIP,WWP1,POM121,TM7SF3,XPC,ELP1,CTSD,CCNK,DCXR,HBEGF,MKNK2,TP53,BAIAP2,RETSAT,DDB2,PMM1,KIF13B,RACK1,DNTTIP2,H2AJ,PLK2,SERPINB5,APAF1,IP6K2,RHBDF2,EPHA2,MXD4,GM2A,ALOX15B,BAX,NOL8,COQ8A
HALLMARK_INFLAMMATORY_RESPONSE,h.all.v2023.2.Hs.symbols,CYBB,CCL2,NOD2,SLC7A1,TIMP1,SCARF1,LYN,PVR,PTGER4,TPBG,CD70,ROS1,LDLR,TACR3,RGS1,CSF1,ATP2A2,TAPBP,MARCO,AQP9,TNFSF9,EMP3,PDE4B,TNFAIP6,SLC4A4,LCP2,RASGRP1,HPN,SLC7A2,GPR183,FFAR2,ADRM1,GPR132,RELA,ITGA5,CLEC5A,P2RX4,RTP4,ATP2C1,LIF,ABCA1,RHOG,TLR2,MEP1A,CCL22,ACVR1B,EREG,MXD1,IL18R1,CX3CL1,KCNA3,SELL,CXCL9,CSF3,PIK3R5,CD40,IFITM1,IL1A,IL2RB,MET,ICAM1,HAS2,PTGIR,P2RY2,NMUR1,IFNAR1,GNAI3,PTPRE,PCDH7,FZD5,MYC,CD14,AXL,IL18RAP,TNFSF10,NAMPT,TNFSF15,NPFFR2,IL1R1,RGS16,ITGB8,IL10,BDKRB1,F3,CCL7,SLAMF1,CXCR6,ACVR2A,IL12B,MSR1,PTGER2,TLR1,CD48,CDKN1A,TNFRSF9,SLC31A2,KLF6,P2RX7,SEMA4D,KCNJ2,IRAK2,STAB1,GCH1,KCNMB2,SERPINE1,SLC31A1,OPRK1,SPHK1,APLNR,NLRP3,IL15,IL10RA,LY6E,INHBA,IL18,ATP2B1,BST2,CCL24,ADGRE1,SELENOS,VIP,NDP,AHR,ABI1,EBI3,SELE,EDN1,RAF1,CHST2,KIF1B,GNA15,CD82,OLR1,CSF3R,OSM,CD55,SLC28A2,TNFRSF1B,CXCL11,BEST1,PLAUR,SLC1A2,IL4R,NFKB1,RNF144B,C3AR1,IRF1,GABBR1,LTA,PTAFR,SGMS2,IL1B,ADORA2B,OSMR,PSEN1,TACR1,MMP14,BTG2,IL15RA,CCR7,RIPK2,PROK2,EIF2AK2,LPAR1,PDPN,IL6,C5AR1,SRI,FPR1,IRF7,ICAM4,CCRL2,LCK,IFNGR2,GP1BA,CCL17,CXCL6,HBEGF,ADM,CMKLR1,HRH1,GPC3,ICOSLG,ITGB3,CD69,MEFV,HIF1A,CCL5,NMI,IL7R,CXCL8,DCBLD2,SLC11A2,LAMP3,CXCL10,NFKBIA,CALCRL,CCL20,TLR3,SCN1B
HALLMARK_G2M_CHECKPOINT,h.all.v2023.2.Hs.symbols,CASP8AP2,CDC25B,SRSF2,SRSF1,CDC45,ODF2,NOTCH2,ILF3,DBF4,SLC7A1,TOP1,NOLC1,SMC2,STMN1,CCNF,H2AZ2,UCK2,SMARCC1,AURKB,STAG1,MTF2,NCL,SNRPD1,BUB3,CTCF,E2F1,G3BP1,RPA2,SLC38A1,SUV39H1,KMT5A,MARCKS,POLQ,TRAIP,PAFAH1B1,TNPO2,NUSAP1,WRN,EXO1,CCNB2,PRPF4B,LMNB1,CDK1,EGF,BRCA2,AURKA,FANCC,POLA2,SS18,CUL5,HMMR,HMGN2,KNL1,JPT1,PRIM2,BARD1,DR1,LIG3,KIF11,MYBL2,NSD2,TRA2B,UPF1,BCL3,CENPF,PTTG1,SMC4,CCND1,MT2A,CUL1,RAD54L,PRMT5,ATF5,KATNA1,ATRX,SAP30,SQLE,RPS6KA5,ARID4A,MKI67,E2F2,RBL1,RBM14,SLC12A2,MCM2,MYC,E2F4,ORC5,NASP,KIF5B,GSPT1,NUMA1,FBXO5,DKC1,KIF2C,KIF22,DTYMK,TACC3,CCNT1,TLE3,ODC1,PRC1,TFDP1,EWSR1,CDKN2C,CKS2,KPNB1,RAD21,H2BC12,KIF23,ABL1,LBR,DDX39A,TROAP,MCM6,EZH2,NDC80,TPX2,SLC7A5,CDC25A,SYNCRIP,CKS1B,H2AX,CCNA2,RAD23B,HIRA,POLE,TOP2A,KIF20B,CUL3,CHEK1,AMD1,XPO1,TTK,PBK,E2F3,NEK2,HUS1,CDKN3,MCM3,MEIS1,CDK4,NUP98,CENPA,EFNA5,UBE2C,UBE2S,HMGB3,SRSF10,RACGAP1,CDC7,INCENP,SFPQ,PLK1,CHAF1A,TGFB1,DMD,CDC27,MAP3K20,KIF4A,HMGA1,MAPK14,PLK4,BIRC5,CDC6,H2AZ1,MAD2L1,HNRNPU,HNRNPD,MCM5,RASAL2,NUP50,TMPO,YTHDC1,TENT4A,GINS2,CDKN1B,CDC20,KPNA2,MNAT1,SMAD3,KIF15,CHMP1A,PDS5B,CBX1,BUB1,FOXN3,ESPL1,HIF1A,HOXC10,PML,SMC1A,CUL4A,PURA,STIL,CENPE,HSPA8,MEIS2,PTTG3P,ORC6
HALLMARK_APICAL_JUNCTION,h.all.v2023.2.Hs.symbols,SKAP2,NEXN,SYMPK,PTK2,COL16A1,ACTN3,MVD,NRTN,CLDN7,ARPC2,TSC1,MYL9,NEGR1,ZYX,PIK3CB,THBS3,KRT31,LIMA1,ALOX15B,CD209,MMP2,NLGN3,PCDH1,CLDN5,ACTA1,RHOF,GNAI2,VWF,CAP1,CLDN11,CDH6,PARD6G,SHC1,VCAN,VCL,DLG1,EVL,CLDN4,COL9A1,WNK4,JUP,MADCAM1,CRAT,ITGA9,LAYN,CDH11,CDH1,CX3CL1,AKT2,MYL12B,NFASC,TGFBI,CLDN19,CTNND1,ACTB,CDH8,KCNH2,PPP2R2C,ICAM1,TJP1,RASA1,CLDN15,SDC3,DSC3,EXOC4,INPPL1,MDK,PIK3R3,CD274,TSPAN4,GRB7,MSN,CALB2,ACTG2,DSC1,PARVA,ITGB1,CADM2,HADH,RRAS,SRC,PBX2,AMH,MYH9,GAMT,HRAS,MMP9,GNAI1,B4GALT1,CDH3,ACTG1,VCAM1,LAMB3,NECTIN1,PTPRC,MPZL2,NECTIN2,TNFRSF11B,YWHAH,MYH10,TUBG1,ACTN4,CRB3,ACTN1,CDK8,NF2,THY1,CLDN9,SGCE,IKBKG,ITGA2,NECTIN3,RAC2,LAMA3,SPEG,TAOK2,CD86,PECAM1,SHROOM2,AMIGO2,ADAM15,CADM3,CDH4,ICAM5,PALS1,ITGA10,ITGB4,GTF2F1,IRS1,AKT3,MAPK11,ARHGEF6,COL17A1,FLNC,NRAP,CD99,CDSN,ICAM2,ITGA3,NHERF4,TMEM8B,WASL,LAMC2,ADAM23,MPZL1,CDH15,ADAMTS5,PKD1,SYK,FYB1,SLC30A3,VAV2,DMP1,MAP4K2,BMP1,RSU1,CLDN18,CLDN8,INSIG1,ADAM9,SORBS3,JAM3,MAP3K20,NECTIN4,ACTC1,NLGN2,MAPK14,AMIGO1,ADRA1B,SLIT2,CNTN1,FSCN1,MAPK13,EGFR,PTEN,CD34,STX4,CD276,PFN1,CERCAM,ICAM4,NF1,EPB41L2,CTNNA1,ATP1A3,TRO,CLDN6,SIRPA,BAIAP2,PLCG1,DHX16,CLDN14,TIAL1,FBN1,ACTN2,NRXN2,CNN2,VASP,LDLRAP1,TRAF1
HALLMARK_IL2_STAT5_SIGNALING,h.all.v2023.2.Hs.symbols,GSTO1,P4HA1,MYO1C,ANXA4,HOPX,AGER,F2RL2,PNP,LRIG1,TNFSF11,PIM1,UCK2,GPR65,GABARAPL1,SPRED2,AHCY,NDRG1,DRC1,MAFF,RRAGD,CSF1,FURIN,SLC29A2,IRF4,SOCS1,CSF2,DHRS3,PLPP1,LTB,GLIPR2,ICOS,PUS1,TWSG1,ARL4A,CDCP1,PRNP,RHOH,ITGAE,IFNGR1,EEF1AKMT1,P2RX4,SH3BGRL2,LIF,PLIN2,SLC1A5,IKZF2,MXD1,IL18R1,SELL,CDC42SE2,NFKBIZ,SPRY4,IL13,IL2RB,ADAM19,RABGAP1L,WLS,SOCS2,PRKCH,SNX14,TIAM1,CKAP4,NRP1,HUWE1,CCND2,RNH1,CD79B,PTH1R,TNFRSF8,SELP,CCND3,MYC,IL1RL1,IL2RA,MAP6,MYO1E,SERPINC1,LRRC8C,GPR83,ALCAM,ENPP1,CAPG,GALM,SWAP70,TNFSF10,HK2,SPP1,TLR7,IGF2R,RGS16,FLT3LG,ODC1,TNFRSF18,IL10,IL1R2,ITIH5,TNFRSF21,POU2F1,NCS1,UMPS,SERPINB6,PTRH2,IFITM3,IGF1R,TTC39B,CTLA4,SLC2A3,BCL2,PTGER2,TNFRSF9,FGL2,CD48,HYCC2,KLF6,FAH,CD81,CDKN1C,SNX9,S100A1,CD86,NOP2,PLEC,DENND5A,EOMES,PRAF2,IRF8,IL10RA,COL6A1,EMP1,SLC39A8,PDCD2L,XBP1,IKZF4,AHR,CTSZ,GPX4,SYT11,GATA1,CCNE1,CASP3,ECM1,TNFRSF1B,BCL2L1,RHOB,CYFIP1,DCPS,MAPKAPK2,IL3RA,PHTF2,SHE,TNFRSF4,TRAF1,IL4R,PTCH1,CD83,CISH,BMP2,CDC6,PHLDA1,ETV4,SCN9A,CAPN3,PLAGL1,COCH,NT5E,ITGA6,CA2,ST3GAL4,BATF3,CD44,MAP3K8,SMPDL3A,ETFBKMT,GUCY1B1,ENO3,BATF,NCOA3,PLSCR1,GADD45B,MUC1,GBP4,ITGAV,BMPR2,RORA,CST7,IRF6,HIPK2,APLP1,AHNAK,LCLAT1,BHLHE40,CCR4,NFIL3,SYNGR2,CXCL10,AMACR,TGM2,PENK,ABCB1,
HALLMARK_ESTROGEN_RESPONSE_LATE,h.all.v2023.2.Hs.symbols,HSPB8,GLA,SNX10,PRSS23,MOCS2,HSPA4L,TPBG,MAPT,SLC24A3,ADD3,MYOF,IL17RB,TOB1,FDFT1,GPER1,HR,BTG3,ATP2B4,KCNK5,BLVRB,ELOVL5,CLIC3,NCOR2,AMFR,CXCL14,FKBP5,SULT2B1,ITPK1,PLAC1,TMPRSS3,EGR3,LSR,XRCC3,METTL3,PGR,TFAP2C,ASCL1,FLNB,CYP4F11,CDH1,PERP,NBL1,TSPAN13,CCND1,CXCL12,PAPSS2,NRIP1,PDLIM3,EEIG1,SIAH2,FOS,PTPN6,TIAM1,IL6ST,FRK,SCUBE2,SGK1,MDK,OPN3,SEMA3B,GFUS,CHST8,ZFP36,KLF4,SLC27A2,RAB31,SLC1A4,CKB,SERPINA1,PKP3,PLAAT3,CYP26B1,PRKAR2B,SOX3,EMP2,DHCR7,SCNN1A,TFF1,PPIF,CCNA1,BCL2,TJP3,ST6GALNAC2,AGR2,HMGCS2,AREG,JAK1,RNASEH2A,OVOL2,BAG1,FGFR3,RET,TST,PTGES,OLFM1,RABEP1,LARGE1,SLC7A5,TFPI2,CD9,IMPA2,SLC29A1,CELSR2,TOP2A,PRLR,HPRT1,NPY1R,HOMER2,RPS6KA2,DNAJC12,CCN5,XBP1,ALDH3A2,ACOX2,ARL3,DNAJC1,RAPGEFL1,SLC26A2,NXT1,SORD,FABP5,TNNC1,AFF1,NMU,FOXC1,GALE,LAMC2,IGFBP4,NHERF1,PCP4,ST14,S100A9,TPD52L1,UGDH,COX6C,GAL,CAV1,CACNA2D2,DUSP2,SLC22A5,SERPINA5,CA12,TH,DLG5,PDCD4,SLC16A1,ANXA9,CISH,ASS1,WFS1,PLK4,ISG20,CDC6,RBBP8,TRIM29,SFN,SCARB1,CPE,CA2,MAPK13,SLC2A8,SERPINA3,JAK2,GINS2,CD44,IDH2,FARP1,DHRS2,DYNLT3,KLK11,MYB,PDZK1,PTGER3,ABCA3,BATF,TPSAB1,CDC20,CHPT1,IGSF1,DCXR,MICB,GJB3,KRT19,LTF,FKBP4,ABHD2,CALCR,ID2,ALDH3B1,ETFB,KIF20A,KRT13,LLGL2,MEST,NAB2,TFF3,STIL,KLK10,PLXNB1,UNC13B
HALLMARK_PI3K_AKT_MTOR_SIGNALING,h.all.v2023.2.Hs.symbols,MKNK1,FGF22,AKT1S1,RPS6KA1,EIF4E,PLCB1,PTPN11,SQSTM1,E2F1,DDIT3,GRB2,MAP2K6,PRKAA2,SLC2A1,CDK1,UBE2N,PRKAR2A,PRKCB,RALB,ARPC3,CAB39,UBE2D3,PLA2G12A,MAP2K3,HSP90B1,TIAM1,TBK1,PIK3R3,CALR,PAK4,ATF1,CAB39L,FASLG,NFKBIB,HRAS,RIPK1,PPP2R1B,TRAF2,VAV3,ACACA,RPTOR,CAMK4,DAPP1,ACTR2,CDKN1A,PDK1,RPS6KA3,ITPR2,PIN1,ADCY2,MYD88,MAPK1,CSNK2B,CDK2,SMAD2,FGF6,ARHGDIA,TSC2,GSK3B,ARF1,TRIB3,RIT1,IRAK4,CDK4,YWHAB,FGF17,RAF1,DUSP3,AP2M1,AKT1,ACTR3,THEM4,NGF,CLTC,SFN,PRKAG1,EGFR,IL2RG,PTEN,PITX2,PFN1,SLA,GRK2,CDKN1B,GNGT1,LCK,MAPK9,NCK1,CFL1,GNA14,MKNK2,PIKFYVE,PLCG1,NOD1,MAPK10,TNFRSF1A,STAT2,MAPK8,RAC1,IL4,PPP1CA,ECSIT,MAP3K7,CXCR4,MAPKAP1,,,,,,,,,,,,,,,,,,,,,,,,,,,,,,,,,,,,,,,,,,,,,,,,,,,,,,,,,,,,,,,,,,,,,,,,,,,,,,,,,,,,,,,,,,,,,,,
HALLMARK_WNT_BETA_CATENIN_SIGNALING,h.all.v2023.2.Hs.symbols,HDAC5,JAG2,SKP2,NOTCH4,CUL1,JAG1,HEY2,NUMB,DKK1,NOTCH1,CCND2,WNT5B,HDAC2,DLL1,MAML1,MYC,TCF7,DVL2,FRAT1,HDAC11,FZD1,FZD8,CSNK1E,PSEN2,KAT2A,NCOR2,CTNNB1,RBPJ,TP53,WNT1,NCSTN,GNAI1,DKK4,AXIN2,LEF1,NKD1,ADAM17,HEY1,PTCH1,PPARD,AXIN1,WNT6,,,,,,,,,,,,,,,,,,,,,,,,,,,,,,,,,,,,,,,,,,,,,,,,,,,,,,,,,,,,,,,,,,,,,,,,,,,,,,,,,,,,,,,,,,,,,,,,,,,,,,,,,,,,,,,,,,,,,,,,,,,,,,,,,,,,,,,,,,,,,,,,,,,,,,,,,,,,,,
HALLMARK_ALLOGRAFT_REJECTION,h.all.v2023.2.Hs.symbols,CCL2,EIF4G3,CD4,TIMP1,HLA-DMB,IFNG,INHBB,LYN,MBL2,GALNT1,BCAT1,IL12RB1,PRF1,GPR65,WAS,ELANE,HLA-DMA,CCL11,TGFB2,CSF1,TAPBP,EIF3D,IRF4,GCNT1,SOCS1,LCP2,LTB,F2R,IL9,ACHE,UBE2N,PRKCB,CCL19,CD2,DEGS1,IL16,IL2,IFNGR1,TNF,LIF,SOCS5,TLR2,GZMA,CCL22,HLA-E,EREG,BCL3,EIF5A,PRKCG,HDAC9,IFNAR2,CXCL9,CD40,RPL39,HLA-DOB,IL13,IL2RB,FGR,CXCL13,HLA-A,ICAM1,ITK,NCF4,PTPN6,CD47,APBB1,TAP2,CCND2,AARS1,ABCE1,ST8SIA4,CCND3,CD8B,IL2RA,CFP,TPD52,CDKN2A,RPL3L,HLA-DOA,IL18RAP,CAPG,CD28,F2,CSK,CTSS,FASLG,CD79A,LY75,KRT1,MMP9,CCR1,IL27RA,IL10,C2,PSMB10,PTPRC,TRAF2,IL11,RPL9,CCL7,SPI1,ACVR2A,HCLS1,GBP2,IL12B,MAP4K1,TLR1,CCL13,ZAP70,THY1,BCL10,CD86,STAB1,CD7,CD74,SIT1,IRF8,CD3E,NLRP3,CD3G,IL15,INHBA,IGSF6,IL18,FLNA,EIF3A,CRTAM,TRAT1,ITGB2,CARTPT,ABI1,IL7,IKBKB,KLRD1,HLA-DQA1,RPS3A,FCGR2B,CD96,DARS1,RARS1,IL12A,TLR6,NCR1,MRPL3,FYB1,ITGAL,FAS,HLA-DRA,STAT4,EIF3J,IL4R,AKT1,TGFB1,CXCR3,B2M,TAP1,IL1B,NPM1,WARS1,ETS1,RIPK2,CCR5,EGFR,IL2RG,JAK2,IL6,GZMB,SRGN,CD80,RPS19,BRCA1,IRF7,GLMN,LCK,DYRK3,IFNGR2,NCK1,CD247,HLA-G,NOS2,CCL4,PF4,ICOSLG,UBE2D1,ELF4,CD1D,HIF1A,CCL5,STAT1,CCR2,CD3D,CD8A,CD40LG,RPS9,MTIF2,LY86,IL4,TLR3,NME1,MAP3K7
HALLMARK_HEME_METABOLISM,h.all.v2023.2.Hs.symbols,TSPO2,FBXO9,HBB,KDM7A,GDE1,KEL,TOP1,FTCD,LRP10,RIOK3,SDCBP,HTATIP2,KLF3,HTRA2,AQP3,OPTN,SELENBP1,SLC30A10,MPP1,RCL1,KHNYN,RHAG,YPEL5,PPOX,AGPAT4,BLVRB,MARK3,ABCB6,RANBP10,SLC2A1,GLRX5,ALAS2,SLC22A4,BTRC,CA1,AHSP,GYPA,NFE2L1,CLIC2,PDZK1IP1,LPIN2,IGSF3,GMPS,RHCE,TMCC2,BNIP3L,FOXO3,MBOAT2,KAT2B,MYL4,BPGM,TRAK2,MAP2K3,FOXJ2,BMP2K,CIR1,ACKR1,CTSE,FBXO34,SLC6A9,HBD,NUDT4,CCND3,E2F2,DMTN,GCLM,TNS1,LAMP2,H4C3,MXI1,DCAF10,KLF1,ALAD,NARF,TCEA1,ADD2,RNF19A,LMO2,CTNS,PIGQ,RNF123,SLC7A11,MOCOS,ADIPOR1,SLC6A8,FBXO7,SMOX,HBZ,SNCA,UCP2,GYPC,UROD,ARL2BP,SYNJ1,PPP2R5B,SPTA1,TFDP2,CTSB,FECH,ACP5,TENT5C,DCUN1D1,SLC25A37,ATP6V0A1,TRIM58,OSBP2,CAT,SLC30A1,ELL2,TMEM9B,USP15,PC,SLC10A3,CDR2,MGST3,CPOX,NEK7,SEC14L1,MFHAS1,BLVRA,CAST,ARHGEF12,EPB41,HBBP1,MINPP1,PRDX2,TYR,BACH1,GATA1,NR3C1,ERMAP,MOSPD1,C3,HAGH,ISCA1,RAP1GAP,ENDOD1,SLC4A1,MKRN1,FN3K,DCAF11,GAPVD1,CDC27,GYPE,CCDC28A,EPB42,ATG4A,EZH1,RBM5,RHD,ABCG2,EIF2AK1,ALDH6A1,TSPAN5,PGLS,BTG2,GCLC,CA2,SPTB,XPO7,NNT,PSMD9,TRIM10,CROCCP2,ANK1,MARCHF8,XK,ICAM4,SLC66A2,GYPB,NFE2,RAD23A,ASNS,HEBP1,PICALM,ADD1,TNRC6B,VEZF1,ACSL6,EPOR,H1-0,DAAM1,BSG,SIDT2,SLC11A2,BCAM,SLC25A38,HDGF,MARCHF2,P4HA2,HBQ1,TAL1,UBAC1,UROS,CLCN3,RBM38,HMBS,TFRC,ALDH1L1,NCOA4
HALLMARK_COMPLEMENT,h.all.v2023.2.Hs.symbols,VCPIP1,CR1,ERAP2,S100A12,TIMP1,ANG,LYN,CDA,PIM1,C1S,WAS,XPNPEP1,CR2,ME1,SIRT6,MAFF,PIK3CG,CPM,USP8,GNGT2,GRB2,PRCP,HNF4A,CXCL1,CASP1,F8,LCP2,GZMK,RASGRP1,MMP12,GCA,DOCK9,GNAI2,HPCAL4,SPOCK2,ITIH1,F7,RHOG,GZMA,USP16,ZFPM2,S100A13,CD36,GNG2,PREP,PLA2G7,PRDM4,CTSH,PIK3R5,PHEX,CPQ,CSRP1,MT3,DOCK4,RCE1,DYRK2,APOBEC3G,CLU,CFB,LTA4H,C1R,GNAI3,SERPINB2,CASP9,SCG3,LAMP2,SERPINC1,PPP2CB,LAP3,CASP7,ITGAM,F2,LRP1,KLKB1,SRC,CTSS,SERPINA1,PRKCD,RABIF,F5,CD46,C2,F3,GP9,FYN,CTSV,F10,CTSB,CALM3,IRF2,CBLB,L3MBTL4,APOBEC3F,TFPI2,CALM1,SERPINE1,CP,APOC1,USP15,CTSL,MSRB1,CASP5,PSMB9,ATOX1,KCNIP3,MMP13,FCER1G,PCLO,C4BPB,GNB2,PLEK,RAF1,C1QA,PRSS36,ZEB1,APOA4,CASP3,GATA3,MMP8,KIF2A,DUSP6,OLR1,RNF4,C3,ADRA2B,DOCK10,CD55,PIK3CA,S100A9,PLAUR,TMPRSS6,PPP4C,CFH,EHD1,ADAM9,CASP10,IRF1,NOTCH4,GNB4,CASP4,C1QC,FDX1,PSEN1,MMP14,PDGFB,PDP1,CDH13,SERPING1,PRSS3,CD59,CA2,MMP15,DUSP5,USP14,KCNIP2,PCSK9,CDK5R1,AKAP10,STX4,CTSC,DGKH,CTSO,GZMB,IL6,JAK2,COL4A2,CTSD,IRF7,PFN1,PLG,RBSN,GPD2,LCK,LGMN,TNFAIP3,BRPF3,KYNU,PLSCR1,FCN1,GP1BA,PLA2G4A,PLAT,HSPA5,LTF,ANXA5,TIMP2,DPP4,SH2B3,C9,DGKG,CCL5,HSPA1A,LIPA,CD40LG,LGALS3,ACTN2,FN1,GMFB,CEBPB,KLK1
HALLMARK_MYOGENESIS,h.all.v2023.2.Hs.symbols,HDAC5,NAV2,HSPB8,MYL1,MYO1C,ACTN3,SH2B1,CNN3,MYH8,IGF1,PPP1R3C,TAGLN,SORBS1,IGFBP7,RB1,GPX3,SGCA,BIN1,PLXNB2,TNNI1,COL3A1,ACTA1,TCAP,ACHE,MYH2,CAMK2B,COL6A2,PFKM,PRNP,SPDEF,CHRNA1,DMPK,CRYAB,DTNA,CASQ1,DAPK2,CD36,CRAT,MYL4,AKT2,KLF5,ITGB5,MYH3,TNNT1,ATP2A1,FKBP1B,KCNH2,COL15A1,CLU,TEAD4,MEF2C,MRAS,TPM2,AGRN,ITGA7,MEF2D,TNNC2,MYL7,EIF4A2,COX6A2,ITGB1,ABLIM1,ATP6AP1,IFRD1,LSP1,PVALB,SOD3,PSEN2,PTGIS,MYOZ1,CKM,FGF2,PGAM2,MYH9,DES,MYF6,CKB,FHL1,MYH1,SGCD,RYR1,VIPR1,APP,BDKRB2,SPTAN1,SGCG,SLC6A8,CHRNB1,KCNH1,LDB3,CDKN1A,MAPK12,SCHIP1,CSRP3,BAG1,CTF1,GJA5,MEF2A,CASQ2,MYL11,AGL,SPEG,MYOM1,LARGE1,ACSL1,NOTCH1,SPHK1,PYGM,PDE4DIP,APLNR,PPFIA4,MYH11,LAMA2,ITGB4,PC,TSC2,MYBPH,TNNT2,AK1,ERBB3,AEBP1,CACNA1H,COL6A3,FOXO4,RIT1,IGFBP3,KIFC3,FDPS,NCAM1,MYBPC3,TNNC1,FLII,GNAO1,TNNI2,SMTN,TPD52L1,MYL2,APOD,FST,LPIN1,NOS1,CKMT2,SVIL,MAPRE3,TNNT3,PICK1,OCEL1,SPARC,SORBS3,PTP4A3,DMD,TGFB1,ACTC1,ADAM12,MB,GSN,SCD,SH3BGR,MYLK,ANKRD2,NQO1,CDH13,COX7A1,COL4A2,ADCY9,ENO3,HRC,STC2,REEP1,GADD45B,MYH7,TPM3,HBEGF,MYOM2,MYOG,SSPN,CAV3,GABARAPL2,CHRNG,HSPB2,CFD,EPHB3,FXYD1,SIRT2,SLN,PDLIM7,MYH4,BHLHE40,CACNG1,MYL6B,MYL3,SYNGR2,ACTN2,FABP3,COL1A1,DENND2B,EFS,WWTR1,GAA,PKIA
